Workbook
Name T_corr_150000_1_0: _1_0!$A$1:$M$458
Name T_corr_150000_1_1: _1_1!$A$1:$M$458
Name T_corr_150000_1_2: '1_2'!$A$1:$M$458
Name T_corr_150000_2_0: _2_0!$A$1:$M$458
Name T_corr_150000_2_1: _2_1!$A$1:$M$458
Name T_corr_150000_3_0: _3_0!$A$1:$M$458
Name T_corr_150000_3_1: _3_1!$A$1:$M$458

Sheet _1_0
A1: Nmb_of_pts | B1: 150000, time_0 | C1: 0.2
A6: <Delta.v_1*Delta.v_1>
A7: t | B7: delta_t | C7: 0 | D7: 0.05 | E7: 0.1 | F7: 0.15 | G7: 0.5 | H7: 1 | I7: 1.5 | J7: 2.5 | K7: 5 | L7: 7.5
A8: r | B8: 0 | C8: 0 | D8: -0.025668379 | E8: -0.045899317 | F8: -0.059671811 | G8: -0.1150316 | H8: -0.16472415 | I8: -0.20842443 | J8: -0.27136976 | K8: -0.30730774 | L8: -0.37082757
A9: r | B9: 0.1 | C9: -0.039182098 | D9: -0.044321939 | E9: -0.054497451 | F9: -0.065160354 | G9: -0.1172069 | H9: -0.16549185 | I9: -0.20896955 | J9: -0.27132349 | K9: -0.30815123 | L9: -0.37103917
A10: r | B10: 0.2 | C10: -0.068170136 | D10: -0.070297695 | E10: -0.07376164 | F10: -0.079462512 | G10: -0.1224581 | H10: -0.16875931 | I10: -0.21027394 | J10: -0.27181915 | K10: -0.30879027 | L10: -0.37103671
A11: r | B11: 0.3 | C11: -0.091526859 | D11: -0.09235366 | E11: -0.095133029 | F11: -0.098275961 | G11: -0.13136442 | H11: -0.17348145 | I11: -0.21189822 | J11: -0.27282532 | K11: -0.3098717 | L11: -0.37044245
A12: r | B12: 0.4 | C12: -0.11366219 | D12: -0.11465832 | E12: -0.1154533 | F12: -0.11741081 | G12: -0.14111431 | H12: -0.17947526 | I12: -0.21608944 | J12: -0.27472265 | K12: -0.31122851 | L12: -0.37074133
A13: r | B13: 0.8 | C13: -0.1858302 | D13: -0.18637024 | E13: -0.18607136 | F13: -0.18619345 | G13: -0.19344521 | H13: -0.21474232 | I13: -0.24026854 | J13: -0.28436044 | K13: -0.32141345 | L13: -0.37670869
A14: r | B14: 1.2 | C14: -0.24074019 | D14: -0.24090101 | E14: -0.24161478 | F14: -0.24188131 | G14: -0.24715659 | H14: -0.25657985 | I14: -0.27092891 | J14: -0.30118743 | K14: -0.33620088 | L14: -0.38437425
A15: r | B15: 1.6 | C15: -0.28785868 | D15: -0.28833707 | E15: -0.28851619 | F15: -0.28850631 | G15: -0.29076278 | H15: -0.29708866 | I15: -0.30586803 | J15: -0.31994343 | K15: -0.35094266 | L15: -0.39226811
A18: <Delta.v_1*Delta.v_2>
A19: t | B19: delta_t | C19: 0 | D19: 0.05 | E19: 0.1 | F19: 0.15 | G19: 0.5 | H19: 1 | I19: 1.5 | J19: 2.5 | K19: 5 | L19: 7.5
A20: r | B20: 0 | C20: 0 | D20: -6.1354553e-05 | E20: 0.00012990155 | F20: -0.00047286196 | G20: -0.00021904722 | H20: 0.0004678315 | I20: 0.0011665814 | J20: 0.00033029071 | K20: 0.0021889059 | L20: 0.0020988594
A21: r | B21: 0.1 | C21: 0.00034619322 | D21: 0.00025494709 | E21: -1.4358225e-05 | F21: 7.5502174e-05 | G21: 3.2757325e-05 | H21: 3.2570559e-05 | I21: 0.0011643446 | J21: 0.00039281621 | K21: 0.0015724162 | L21: 0.0021021066
A22: r | B22: 0.2 | C22: -0.00014519839 | D22: 0.00030455013 | E22: -1.9704501e-05 | F22: -0.00049985706 | G22: 0.00015828633 | H22: 0.00052058309 | I22: 0.0010604018 | J22: 1.6756974e-05 | K22: 0.0016173884 | L22: 0.00039166456
A23: r | B23: 0.3 | C23: 0.0011330495 | D23: 0.00094761118 | E23: 0.00069041319 | F23: 0.00040937861 | G23: 0.00071883945 | H23: 0.0010672454 | I23: 0.00089923347 | J23: 0.00060752072 | K23: 0.00061395593 | L23: -0.00068347584
A24: r | B24: 0.4 | C24: 0.0013215977 | D24: 0.0011320315 | E24: 0.0016083889 | F24: 0.00137522 | G24: 0.0011027269 | H24: 0.00063084145 | I24: -0.00067529479 | J24: 0.001147721 | K24: 0.00029878216 | L24: -0.00069835902
A25: r | B25: 0.8 | C25: 0.0027839708 | D25: 0.0021697297 | E25: 0.0023781527 | F25: 0.0026274113 | G25: 0.0018033493 | H25: 0.0011874293 | I25: 0.0014031654 | J25: -6.3308377e-05 | K25: -0.0037623013 | L25: -0.0045955917
A26: r | B26: 1.2 | C26: 0.0010152466 | D26: 0.00089152194 | E26: 0.00034208424 | F26: 0.00052796632 | G26: 0.0018623912 | H26: 0.0016394908 | I26: 0.0016283773 | J26: -0.0019547334 | K26: -0.0073659545 | L26: -0.0080572339
A27: r | B27: 1.6 | C27: 0.0010816048 | D27: 0.0013026456 | E27: 0.00058643543 | F27: 0.0012742972 | G27: 0.0019408432 | H27: 0.0019366812 | I27: -0.0001668921 | J27: -0.0030728117 | K27: -0.010581001 | L27: -0.0087111169
A30: <Delta.v_1*Delta.v_3>
A31: t | B31: delta_t | C31: 0 | D31: 0.05 | E31: 0.1 | F31: 0.15 | G31: 0.5 | H31: 1 | I31: 1.5 | J31: 2.5 | K31: 5 | L31: 7.5
A32: r | B32: 0 | C32: 0 | D32: 0.00030086536 | E32: 0.00051266602 | F32: 0.001163771 | G32: 0.0065315752 | H32: 0.01411043 | I32: 0.017462459 | J32: 0.012492824 | K32: 0.016001286 | L32: 0.017473001
A33: r | B33: 0.1 | C33: 0.00070570085 | D33: 0.00055301131 | E33: 0.00083653665 | F33: 0.0015969261 | G33: 0.0064303778 | H33: 0.015060144 | I33: 0.017888658 | J33: 0.013034068 | K33: 0.016338314 | L33: 0.017645974
A34: r | B34: 0.2 | C34: -0.00051865162 | D34: 0.0002718834 | E34: 0.00027673277 | F34: 0.001389881 | G34: 0.0071265356 | H34: 0.014500304 | I34: 0.018402286 | J34: 0.012740434 | K34: 0.016604761 | L34: 0.017328706
A35: r | B35: 0.3 | C35: -0.00070948292 | D35: -0.0002343773 | E35: 0.00077244085 | F35: 0.001347169 | G35: 0.0074232449 | H35: 0.015366892 | I35: 0.018060646 | J35: 0.012486815 | K35: 0.017110696 | L35: 0.01640974
A36: r | B36: 0.4 | C36: -0.00041138091 | D36: -0.00027831309 | E36: 0.00035882705 | F36: 0.00079309411 | G36: 0.0075857024 | H36: 0.014925372 | I36: 0.017440915 | J36: 0.012711892 | K36: 0.017345625 | L36: 0.016361885
A37: r | B37: 0.8 | C37: 0.00082444363 | D37: 0.0017598963 | E37: 0.0025995316 | F37: 0.003178427 | G37: 0.0080861476 | H37: 0.012948619 | I37: 0.015859243 | J37: 0.013285799 | K37: 0.018163972 | L37: 0.014006247
A38: r | B38: 1.2 | C38: 0.0025215688 | D38: 0.0029649952 | E38: 0.0028874874 | F38: 0.0038442116 | G38: 0.0072046029 | H38: 0.010021579 | I38: 0.012560348 | J38: 0.012070643 | K38: 0.015994444 | L38: 0.013297878
A39: r | B39: 1.6 | C39: 0.0026484998 | D39: 0.0031546339 | E39: 0.003103132 | F39: 0.0040873207 | G39: 0.0048719066 | H39: 0.0088167012 | I39: 0.0097964784 | J39: 0.010188499 | K39: 0.013688426 | L39: 0.0090738946
A42: <Delta.v_2*Delta.v_1>
A43: t | B43: delta_t | C43: 0 | D43: 0.05 | E43: 0.1 | F43: 0.15 | G43: 0.5 | H43: 1 | I43: 1.5 | J43: 2.5 | K43: 5 | L43: 7.5
A44: r | B44: 0 | C44: 0 | D44: -0.00075069335 | E44: -0.00017588472 | F44: -7.732575e-05 | G44: 0.00033237275 | H44: -0.00058716889 | I44: -0.00078340026 | J44: -0.0013070433 | K44: 0.0033487119 | L44: 0.0013530265
A45: r | B45: 0.1 | C45: -0.00058197923 | D45: -0.00010553648 | E45: -0.00038920798 | F45: 0.00013594995 | G45: 0.00071783132 | H45: -0.00040085594 | I45: -8.0852757e-05 | J45: -0.0012111059 | K45: 0.0019317093 | L45: 0.0004899118
A46: r | B46: 0.2 | C46: -0.00069480563 | D46: -0.00055803767 | E46: -0.00027844929 | F46: -6.9126506e-05 | G46: 0.00088181941 | H46: -0.00045697095 | I46: 0.00031994211 | J46: -0.0013821782 | K46: 0.0017149083 | L46: -0.0013544497
A47: r | B47: 0.3 | C47: -0.00086130285 | D47: -0.00025544907 | E47: -0.00041626973 | F47: -0.00054103652 | G47: 0.00074105362 | H47: -0.00015807151 | I47: 0.00010327351 | J47: -0.00086351277 | K47: 0.0012902299 | L47: -0.0029116179
A48: r | B48: 0.4 | C48: -0.0004112537 | D48: 0.0006927052 | E48: 0.00028387965 | F48: 0.00060704606 | G48: 0.00085662108 | H48: -0.00022991492 | I48: 0.000524043 | J48: -0.0006582315 | K48: -2.1969641e-05 | L48: -0.0039053006
A49: r | B49: 0.8 | C49: 0.00030714548 | D49: 0.00032503693 | E49: 0.00017494793 | F49: -0.00010884058 | G49: 0.00025113431 | H49: 0.00020010786 | I49: -0.00038585235 | J49: -0.0013379607 | K49: -0.0025486246 | L49: -0.0077242927
A50: r | B50: 1.2 | C50: 0.00045459148 | D50: 0.00057435303 | E50: 0.00073680005 | F50: 0.00093975595 | G50: 6.4084926e-05 | H50: -0.00021298861 | I50: -0.00046569871 | J50: -0.0010882297 | K50: -0.0057497244 | L50: -0.0093716059
A51: r | B51: 1.6 | C51: 0.0015798207 | D51: 0.0010965434 | E51: 0.00059329379 | F51: 0.00033435972 | G51: 0.0012292168 | H51: -0.0005288257 | I51: -0.00083386991 | J51: -0.0027253325 | K51: -0.0097026765 | L51: -0.0096802632
A54: <Delta.v_2*Delta.v_2>
A55: t | B55: delta_t | C55: 0 | D55: 0.05 | E55: 0.1 | F55: 0.15 | G55: 0.5 | H55: 1 | I55: 1.5 | J55: 2.5 | K55: 5 | L55: 7.5
A56: r | B56: 0 | C56: 0 | D56: -0.025684328 | E56: -0.046050932 | F56: -0.059575282 | G56: -0.11613683 | H56: -0.16652518 | I56: -0.20932875 | J56: -0.27026785 | K56: -0.30644431 | L56: -0.37158135
A57: r | B57: 0.1 | C57: -0.059013096 | D57: -0.059425911 | E57: -0.063824522 | F57: -0.071978466 | G57: -0.11954959 | H57: -0.16896644 | I57: -0.21046051 | J57: -0.27072884 | K57: -0.30673534 | L57: -0.37104533
A58: r | B58: 0.2 | C58: -0.097245517 | D58: -0.097025917 | E58: -0.098095197 | F58: -0.099693666 | G58: -0.13033264 | H58: -0.17423021 | I58: -0.21259767 | J58: -0.27230884 | K58: -0.30812273 | L58: -0.37248987
A59: r | B59: 0.3 | C59: -0.12939613 | D59: -0.12923109 | E59: -0.12977024 | F59: -0.1303043 | G59: -0.14729555 | H59: -0.18368329 | I59: -0.21878494 | J59: -0.27466815 | K59: -0.30986543 | L59: -0.37247247
A60: r | B60: 0.4 | C60: -0.15712751 | D60: -0.15729307 | E60: -0.1580609 | F60: -0.15767108 | G60: -0.16676943 | H60: -0.19537219 | I60: -0.22600754 | J60: -0.27799696 | K60: -0.31265075 | L60: -0.37316363
A61: r | B61: 0.8 | C61: -0.25061009 | D61: -0.25105697 | E61: -0.25127467 | F61: -0.2514893 | G61: -0.25177838 | H61: -0.25708172 | I61: -0.27046791 | J61: -0.30016571 | K61: -0.33143893 | L61: -0.38068721
A62: r | B62: 1.2 | C62: -0.31951013 | D62: -0.31999734 | E62: -0.32041325 | F62: -0.32081143 | G62: -0.32206505 | H62: -0.32118698 | I62: -0.32346834 | J62: -0.33166515 | K62: -0.36106941 | L62: -0.38950501
A63: r | B63: 1.6 | C63: -0.37433287 | D63: -0.37507853 | E63: -0.37464363 | F63: -0.37443372 | G63: -0.37597 | H63: -0.37556211 | I63: -0.37275205 | J63: -0.37172571 | K63: -0.39101175 | L63: -0.39771832
A66: <Delta.v_2*Delta.v_3>
A67: t | B67: delta_t | C67: 0 | D67: 0.05 | E67: 0.1 | F67: 0.15 | G67: 0.5 | H67: 1 | I67: 1.5 | J67: 2.5 | K67: 5 | L67: 7.5
A68: r | B68: 0 | C68: 0 | D68: -0.00012536355 | E68: 0.00012485501 | F68: 8.0254088e-05 | G68: 0.00017801492 | H68: -0.0006329613 | I68: -0.00013177218 | J68: -0.0012422514 | K68: -0.0011556932 | L68: -0.0014269555
A69: r | B69: 0.1 | C69: 0.0081706897 | D69: 0.0079032056 | E69: 0.0082451163 | F69: 0.0081609516 | G69: 0.0083488428 | H69: 0.0077310932 | I69: 0.0072023908 | J69: 0.0045163844 | K69: 0.0053581869 | L69: 0.0039618295
A70: r | B70: 0.2 | C70: 0.016067257 | D70: 0.016562072 | E70: 0.015662005 | F70: 0.015200307 | G70: 0.016042809 | H70: 0.015414269 | I70: 0.013394798 | J70: 0.011588056 | K70: 0.013062865 | L70: 0.01090383
A71: r | B71: 0.3 | C71: 0.023339548 | D71: 0.02323524 | E71: 0.023136502 | F71: 0.022737309 | G71: 0.023735685 | H71: 0.022803176 | I71: 0.019972225 | J71: 0.018581006 | K71: 0.019840898 | L71: 0.017309114
A72: r | B72: 0.4 | C72: 0.029973506 | D72: 0.029572344 | E72: 0.029510837 | F72: 0.030115037 | G72: 0.030233709 | H72: 0.029514804 | I72: 0.02725697 | J72: 0.024342804 | K72: 0.02695717 | L72: 0.023817912
A73: r | B73: 0.8 | C73: 0.054835781 | D73: 0.054375968 | E73: 0.05493808 | F73: 0.054635207 | G73: 0.053101915 | H73: 0.052173116 | I73: 0.053333203 | J73: 0.04949315 | K73: 0.053449318 | L73: 0.046362449
A74: r | B74: 1.2 | C74: 0.07169349 | D74: 0.071244871 | E74: 0.071613241 | F74: 0.071473781 | G74: 0.06925749 | H74: 0.067375322 | I74: 0.067461249 | J74: 0.066476962 | K74: 0.069463534 | L74: 0.064981286
A75: r | B75: 1.6 | C75: 0.078255904 | D75: 0.078042174 | E75: 0.077860761 | F75: 0.077745758 | G75: 0.076260062 | H75: 0.074550675 | I75: 0.072965445 | J75: 0.073830832 | K75: 0.075729227 | L75: 0.075720737
A78: <Delta.v_3*Delta.v_1>
A79: t | B79: delta_t | C79: 0 | D79: 0.05 | E79: 0.1 | F79: 0.15 | G79: 0.5 | H79: 1 | I79: 1.5 | J79: 2.5 | K79: 5 | L79: 7.5
A80: r | B80: 0 | C80: 0 | D80: -0.00053560362 | E80: -0.0014057098 | F80: -0.0017915744 | G80: -0.0082585694 | H80: -0.016017061 | I80: -0.01822005 | J80: -0.015036686 | K80: -0.020305263 | L80: -0.02050333
A81: r | B81: 0.1 | C81: 2.529701e-06 | D81: -0.0010002409 | E81: -0.00199499 | F81: -0.0026848136 | G81: -0.0081209217 | H81: -0.015467527 | I81: -0.01830982 | J81: -0.014697112 | K81: -0.019872831 | L81: -0.019835036
A82: r | B82: 0.2 | C82: 0.00023603763 | D82: -0.00087013317 | E82: -0.0017729221 | F82: -0.002470611 | G82: -0.0076451331 | H82: -0.014919589 | I82: -0.01715091 | J82: -0.014862517 | K82: -0.02020043 | L82: -0.019628936
A83: r | B83: 0.3 | C83: -0.00011543238 | D83: -0.00046346485 | E83: -0.0011248919 | F83: -0.0016856151 | G83: -0.0071705249 | H83: -0.015487829 | I83: -0.017657386 | J83: -0.014272624 | K83: -0.019006454 | L83: -0.01893749
A84: r | B84: 0.4 | C84: -0.00052433678 | D84: -0.00039555328 | E84: -0.0017598608 | F84: -0.0029739522 | G84: -0.0076516598 | H84: -0.014260667 | I84: -0.016898484 | J84: -0.01400591 | K84: -0.018867501 | L84: -0.018866456
A85: r | B85: 0.8 | C85: 0.0011166465 | D85: 0.00087970018 | E85: -0.00066945639 | F85: -0.0016196497 | G85: -0.0055810797 | H85: -0.011657931 | I85: -0.014885869 | J85: -0.014887953 | K85: -0.018838196 | L85: -0.017508139
A86: r | B86: 1.2 | C86: 0.0018794795 | D86: 0.0013355622 | E86: 0.0013916182 | F86: 0.0010113613 | G86: -0.0034154747 | H86: -0.007158589 | I86: -0.010314698 | J86: -0.012367219 | K86: -0.014613426 | L86: -0.014089092
A87: r | B87: 1.6 | C87: 0.002833643 | D87: 0.0021944437 | E87: 0.0015034748 | F87: 0.0014613769 | G87: -0.0016066524 | H87: -0.0037156128 | I87: -0.0065147769 | J87: -0.011061502 | K87: -0.013095246 | L87: -0.012495847
A90: <Delta.v_3*Delta.v_2>
A91: t | B91: delta_t | C91: 0 | D91: 0.05 | E91: 0.1 | F91: 0.15 | G91: 0.5 | H91: 1 | I91: 1.5 | J91: 2.5 | K91: 5 | L91: 7.5
A92: r | B92: 0 | C92: 0 | D92: -4.6326545e-05 | E92: -0.00010532573 | F92: -0.00047166785 | G92: 0.0001365072 | H92: 0.00061636266 | I92: 0.0017699376 | J92: 0.00021693824 | K92: -0.00042978117 | L92: -0.0010043662
A93: r | B93: 0.1 | C93: -0.0087130405 | D93: -0.0085498059 | E93: -0.0083464968 | F93: -0.0084913225 | G93: -0.0079716744 | H93: -0.0075212744 | I93: -0.007028722 | J93: -0.0088297579 | K93: -0.0067500052 | L93: -0.0047244296
A94: r | B94: 0.2 | C94: -0.016083479 | D94: -0.016254293 | E94: -0.015854101 | F94: -0.015629373 | G94: -0.015898659 | H94: -0.014439745 | I94: -0.014919662 | J94: -0.018246546 | K94: -0.014066887 | L94: -0.0091483528
A95: r | B95: 0.3 | C95: -0.023535146 | D95: -0.023509577 | E95: -0.023824925 | F95: -0.024148709 | G95: -0.024051771 | H95: -0.021480299 | I95: -0.022896805 | J95: -0.028270301 | K95: -0.020740073 | L95: -0.011786916
A96: r | B96: 0.4 | C96: -0.030982124 | D96: -0.031868615 | E96: -0.03141282 | F96: -0.031157723 | G96: -0.031561233 | H96: -0.029369149 | I96: -0.03014013 | J96: -0.036256406 | K96: -0.027182036 | L96: -0.01490057
A97: r | B97: 0.8 | C97: -0.054987543 | D97: -0.055645953 | E97: -0.056001826 | F97: -0.055527979 | G97: -0.056101919 | H97: -0.056873191 | I97: -0.058135447 | J97: -0.063601638 | K97: -0.049573448 | L97: -0.025148946
A98: r | B98: 1.2 | C98: -0.070920743 | D98: -0.071140445 | E98: -0.070497162 | F98: -0.070216556 | G98: -0.072534917 | H98: -0.073567138 | I98: -0.077427022 | J98: -0.080690744 | K98: -0.063546404 | L98: -0.03158312
A99: r | B99: 1.6 | C99: -0.078338036 | D99: -0.07792613 | E99: -0.077817251 | F99: -0.077341783 | G99: -0.078417085 | H99: -0.080406804 | I99: -0.082550917 | J99: -0.086404792 | K99: -0.072630268 | L99: -0.037046927
A102: <Delta.v_3*Delta.v_3>
A103: t | B103: delta_t | C103: 0 | D103: 0.05 | E103: 0.1 | F103: 0.15 | G103: 0.5 | H103: 1 | I103: 1.5 | J103: 2.5 | K103: 5 | L103: 7.5
A104: r | B104: 0 | C104: 0 | D104: -0.025158786 | E104: -0.044888447 | F104: -0.058767398 | G104: -0.11286721 | H104: -0.16331984 | I104: -0.21256699 | J104: -0.29457975 | K104: -0.36105064 | L104: -0.43577394
A105: r | B105: 0.1 | C105: -0.05770026 | D105: -0.0584102 | E105: -0.062278256 | F105: -0.069713636 | G105: -0.11708193 | H105: -0.16614837 | I105: -0.21382006 | J105: -0.2954564 | K105: -0.36245986 | L105: -0.43668361
A106: r | B106: 0.2 | C106: -0.09539175 | D106: -0.095259927 | E106: -0.095325417 | F106: -0.096546012 | G106: -0.12812775 | H106: -0.17327418 | I106: -0.21824474 | J106: -0.29790848 | K106: -0.36523911 | L106: -0.43841336
A107: r | B107: 0.3 | C107: -0.12768212 | D107: -0.12755797 | E107: -0.12752037 | F107: -0.12842536 | G107: -0.14536155 | H107: -0.18452336 | I107: -0.22443846 | J107: -0.30088483 | K107: -0.36888975 | L107: -0.43867463
A108: r | B108: 0.4 | C108: -0.15826991 | D108: -0.15762057 | E108: -0.15769974 | F108: -0.15808368 | G108: -0.16624747 | H108: -0.19912159 | I108: -0.23527962 | J108: -0.30555928 | K108: -0.37320027 | L108: -0.43947661
A109: r | B109: 0.8 | C109: -0.26221398 | D109: -0.2621195 | E109: -0.26252623 | F109: -0.26276305 | G109: -0.26403234 | H109: -0.27343873 | I109: -0.29393862 | J109: -0.33590113 | K109: -0.40126884 | L109: -0.4459805
A110: r | B110: 1.2 | C110: -0.34946854 | D110: -0.34958928 | E110: -0.34968151 | F110: -0.34941148 | G110: -0.3509329 | H110: -0.35445645 | I110: -0.36323086 | J110: -0.38168045 | K110: -0.43481532 | L110: -0.45846204
A111: r | B111: 1.6 | C111: -0.42018637 | D111: -0.42041199 | E111: -0.41993678 | F111: -0.42015532 | G111: -0.42155751 | H111: -0.42405908 | I111: -0.42460645 | J111: -0.43019754 | K111: -0.46320112 | L111: -0.46702038
A120: <delta_t.v_1*delta_t.v_1>
A121: t | B121: delta_t | C121: 0 | D121: 0.05 | E121: 0.1 | F121: 0.15 | G121: 0.5 | H121: 1 | I121: 1.5 | J121: 2.5 | K121: 5 | L121: 7.5
A122: r | B122: 0 | C122: 0 | D122: 0 | E122: 0 | F122: 0 | G122: 0 | H122: 0 | I122: 0 | J122: 0 | K122: 0 | L122: 0 | N122: =C121 -> 0 | O122: =D121 -> 0.05 | P122: =E121 -> 0.1 | Q122: =F121 -> 0.15 | R122: =G121 -> 0.5 | S122: =H121 -> 1 | T122: =I121 -> 1.5 | U122: =J121 -> 2.5 | ... W122: =L121 -> 7.5
A123: r | B123: 0.1 | C123: -0.039182098 | D123: -0.01865356 | E123: -0.0085981341 | F123: -0.0054885435 | G123: -0.0021752999 | H123: -0.0007677019 | I123: -0.00054511741 | J123: 4.6271794e-05 | K123: -0.00084348599 | L123: -0.0002116033 | N123: =(_1_0!C123+_2_0!C123+_3_0!C123)/(_1_0!$C123+_2_0!$C123+_3_0!$C123) -> 1 | O123: =(_1_0!D123+_2_0!D123+_3_0!D123)/(_1_0!$C123+_2_0!$C123+_3_0!$C123) -> 0.46402379 | P123: =(_1_0!E123+_2_0!E123+_3_0!E123)/(_1_0!$C123+_2_0!$C123+_3_0!$C123) -> 0.22443926 | Q123: =(_1_0!F123+_2_0!F123+_3_0!F123)/(_1_0!$C123+_2_0!$C123+_3_0!$C123) -> 0.13958908 | R123: =(_1_0!G123+_2_0!G123+_3_0!G123)/(_1_0!$C123+_2_0!$C123+_3_0!$C123) -> 0.054033398 | S123: =(_1_0!H123+_2_0!H123+_3_0!H123)/(_1_0!$C123+_2_0!$C123+_3_0!$C123) -> 0.030889986 | T123: =(_1_0!I123+_2_0!I123+_3_0!I123)/(_1_0!$C123+_2_0!$C123+_3_0!$C123) -> 0.020075335 | U123: =(_1_0!J123+_2_0!J123+_3_0!J123)/(_1_0!$C123+_2_0!$C123+_3_0!$C123) -> -0.00024516436 | ... W123: =(_1_0!L123+_2_0!L123+_3_0!L123)/(_1_0!$C123+_2_0!$C123+_3_0!$C123) -> -0.00058348782
A124: r | B124: 0.2 | C124: -0.068170136 | D124: -0.044629316 | E124: -0.027862324 | F124: -0.019790702 | G124: -0.0074265028 | H124: -0.0040351624 | I124: -0.0018495061 | J124: -0.00044938806 | K124: -0.0014825242 | L124: -0.00020913815 | N124: =(_1_0!C124+_2_0!C124+_3_0!C124)/(_1_0!$C124+_2_0!$C124+_3_0!$C124) -> 1 | O124: =(_1_0!D124+_2_0!D124+_3_0!D124)/(_1_0!$C124+_2_0!$C124+_3_0!$C124) -> 0.64992521 | P124: =(_1_0!E124+_2_0!E124+_3_0!E124)/(_1_0!$C124+_2_0!$C124+_3_0!$C124) -> 0.41435578 | Q124: =(_1_0!F124+_2_0!F124+_3_0!F124)/(_1_0!$C124+_2_0!$C124+_3_0!$C124) -> 0.29559345 | R124: =(_1_0!G124+_2_0!G124+_3_0!G124)/(_1_0!$C124+_2_0!$C124+_3_0!$C124) -> 0.10627867 | S124: =(_1_0!H124+_2_0!H124+_3_0!H124)/(_1_0!$C124+_2_0!$C124+_3_0!$C124) -> 0.068002021 | T124: =(_1_0!I124+_2_0!I124+_3_0!I124)/(_1_0!$C124+_2_0!$C124+_3_0!$C124) -> 0.032329262 | U124: =(_1_0!J124+_2_0!J124+_3_0!J124)/(_1_0!$C124+_2_0!$C124+_3_0!$C124) -> 0.008737178 | ... W124: =(_1_0!L124+_2_0!L124+_3_0!L124)/(_1_0!$C124+_2_0!$C124+_3_0!$C124) -> 0.0032232547
A125: r | B125: 0.3 | C125: -0.091526859 | D125: -0.066685281 | E125: -0.049233712 | F125: -0.03860415 | G125: -0.016332817 | H125: -0.0087573003 | I125: -0.0034737854 | J125: -0.0014555663 | K125: -0.0025639532 | L125: 0.00038511727 | N125: =(_1_0!C125+_2_0!C125+_3_0!C125)/(_1_0!$C125+_2_0!$C125+_3_0!$C125) -> 1 | O125: =(_1_0!D125+_2_0!D125+_3_0!D125)/(_1_0!$C125+_2_0!$C125+_3_0!$C125) -> 0.72769234 | P125: =(_1_0!E125+_2_0!E125+_3_0!E125)/(_1_0!$C125+_2_0!$C125+_3_0!$C125) -> 0.53701469 | Q125: =(_1_0!F125+_2_0!F125+_3_0!F125)/(_1_0!$C125+_2_0!$C125+_3_0!$C125) -> 0.41764198 | R125: =(_1_0!G125+_2_0!G125+_3_0!G125)/(_1_0!$C125+_2_0!$C125+_3_0!$C125) -> 0.17341297 | S125: =(_1_0!H125+_2_0!H125+_3_0!H125)/(_1_0!$C125+_2_0!$C125+_3_0!$C125) -> 0.099265311 | T125: =(_1_0!I125+_2_0!I125+_3_0!I125)/(_1_0!$C125+_2_0!$C125+_3_0!$C125) -> 0.048826813 | U125: =(_1_0!J125+_2_0!J125+_3_0!J125)/(_1_0!$C125+_2_0!$C125+_3_0!$C125) -> 0.018602438 | ... W125: =(_1_0!L125+_2_0!L125+_3_0!L125)/(_1_0!$C125+_2_0!$C125+_3_0!$C125) -> 0.0033793366
A126: r | B126: 0.4 | C126: -0.11366219 | D126: -0.08898994 | E126: -0.069553983 | F126: -0.057739 | G126: -0.026082713 | H126: -0.014751113 | I126: -0.0076650118 | J126: -0.0033528907 | K126: -0.0039207716 | L126: 8.6243725e-05 | N126: =(_1_0!C126+_2_0!C126+_3_0!C126)/(_1_0!$C126+_2_0!$C126+_3_0!$C126) -> 1 | O126: =(_1_0!D126+_2_0!D126+_3_0!D126)/(_1_0!$C126+_2_0!$C126+_3_0!$C126) -> 0.77656752 | P126: =(_1_0!E126+_2_0!E126+_3_0!E126)/(_1_0!$C126+_2_0!$C126+_3_0!$C126) -> 0.60850239 | Q126: =(_1_0!F126+_2_0!F126+_3_0!F126)/(_1_0!$C126+_2_0!$C126+_3_0!$C126) -> 0.50324927 | R126: =(_1_0!G126+_2_0!G126+_3_0!G126)/(_1_0!$C126+_2_0!$C126+_3_0!$C126) -> 0.23165717 | S126: =(_1_0!H126+_2_0!H126+_3_0!H126)/(_1_0!$C126+_2_0!$C126+_3_0!$C126) -> 0.13424135 | T126: =(_1_0!I126+_2_0!I126+_3_0!I126)/(_1_0!$C126+_2_0!$C126+_3_0!$C126) -> 0.0761418 | U126: =(_1_0!J126+_2_0!J126+_3_0!J126)/(_1_0!$C126+_2_0!$C126+_3_0!$C126) -> 0.033846202 | ... W126: =(_1_0!L126+_2_0!L126+_3_0!L126)/(_1_0!$C126+_2_0!$C126+_3_0!$C126) -> 0.0077240563
A127: r | B127: 0.8 | C127: -0.1858302 | D127: -0.16070186 | E127: -0.14017205 | F127: -0.12652164 | G127: -0.078413606 | H127: -0.050018179 | I127: -0.031844111 | J127: -0.012990681 | K127: -0.014105705 | L127: -0.0058811217 | N127: =(_1_0!C127+_2_0!C127+_3_0!C127)/(_1_0!$C127+_2_0!$C127+_3_0!$C127) -> 1 | O127: =(_1_0!D127+_2_0!D127+_3_0!D127)/(_1_0!$C127+_2_0!$C127+_3_0!$C127) -> 0.85999729 | P127: =(_1_0!E127+_2_0!E127+_3_0!E127)/(_1_0!$C127+_2_0!$C127+_3_0!$C127) -> 0.75557119 | Q127: =(_1_0!F127+_2_0!F127+_3_0!F127)/(_1_0!$C127+_2_0!$C127+_3_0!$C127) -> 0.68298181 | R127: =(_1_0!G127+_2_0!G127+_3_0!G127)/(_1_0!$C127+_2_0!$C127+_3_0!$C127) -> 0.42636614 | S127: =(_1_0!H127+_2_0!H127+_3_0!H127)/(_1_0!$C127+_2_0!$C127+_3_0!$C127) -> 0.27488108 | T127: =(_1_0!I127+_2_0!I127+_3_0!I127)/(_1_0!$C127+_2_0!$C127+_3_0!$C127) -> 0.1773438 | U127: =(_1_0!J127+_2_0!J127+_3_0!J127)/(_1_0!$C127+_2_0!$C127+_3_0!$C127) -> 0.071906346 | ... W127: =(_1_0!L127+_2_0!L127+_3_0!L127)/(_1_0!$C127+_2_0!$C127+_3_0!$C127) -> 0.032194131
A128: r | B128: 1.2 | C128: -0.24074019 | D128: -0.21523264 | E128: -0.19571547 | F128: -0.1822095 | G128: -0.13212499 | H128: -0.091855701 | I128: -0.062504473 | J128: -0.029817671 | K128: -0.028893141 | L128: -0.013546684 | N128: =(_1_0!C128+_2_0!C128+_3_0!C128)/(_1_0!$C128+_2_0!$C128+_3_0!$C128) -> 1 | O128: =(_1_0!D128+_2_0!D128+_3_0!D128)/(_1_0!$C128+_2_0!$C128+_3_0!$C128) -> 0.8943672 | P128: =(_1_0!E128+_2_0!E128+_3_0!E128)/(_1_0!$C128+_2_0!$C128+_3_0!$C128) -> 0.8140183 | Q128: =(_1_0!F128+_2_0!F128+_3_0!F128)/(_1_0!$C128+_2_0!$C128+_3_0!$C128) -> 0.75914961 | R128: =(_1_0!G128+_2_0!G128+_3_0!G128)/(_1_0!$C128+_2_0!$C128+_3_0!$C128) -> 0.5478866 | S128: =(_1_0!H128+_2_0!H128+_3_0!H128)/(_1_0!$C128+_2_0!$C128+_3_0!$C128) -> 0.38405783 | T128: =(_1_0!I128+_2_0!I128+_3_0!I128)/(_1_0!$C128+_2_0!$C128+_3_0!$C128) -> 0.26774908 | U128: =(_1_0!J128+_2_0!J128+_3_0!J128)/(_1_0!$C128+_2_0!$C128+_3_0!$C128) -> 0.12640462 | ... W128: =(_1_0!L128+_2_0!L128+_3_0!L128)/(_1_0!$C128+_2_0!$C128+_3_0!$C128) -> 0.056789204
...

Sheet _2_0
A1: Nmb_of_pts | B1: 150000, time_0 | C1: 0.2
A6: <Delta.v_1*Delta.v_1>
A7: t | B7: delta_t | C7: 0 | D7: 0.05 | E7: 0.1 | F7: 0.15 | G7: 0.5 | H7: 1 | I7: 1.5 | J7: 2.5 | K7: 5 | L7: 7.5
A8: r | B8: 0 | C8: 0 | D8: -0.026099918 | E8: -0.045663673 | F8: -0.059779468 | G8: -0.11474532 | H8: -0.16422832 | I8: -0.20780059 | J8: -0.26995403 | K8: -0.30840349 | L8: -0.37124132
A9: r | B9: 0.1 | C9: -0.039687078 | D9: -0.044490652 | E9: -0.054943655 | F9: -0.06528633 | G9: -0.11610467 | H9: -0.16591944 | I9: -0.20889214 | J9: -0.27046161 | K9: -0.30886081 | L9: -0.37034108
A10: r | B10: 0.2 | C10: -0.069480957 | D10: -0.071890258 | E10: -0.075217757 | F10: -0.08087312 | G10: -0.12156785 | H10: -0.16952519 | I10: -0.21049483 | J10: -0.27130578 | K10: -0.30890195 | L10: -0.37098352
A11: r | B11: 0.3 | C11: -0.093761508 | D11: -0.094452687 | E11: -0.096050421 | F11: -0.098601552 | G11: -0.13125825 | H11: -0.17417221 | I11: -0.21330669 | J11: -0.27165558 | K11: -0.31045163 | L11: -0.371461
A12: r | B12: 0.4 | C12: -0.11495038 | D12: -0.11553877 | E12: -0.11545061 | F12: -0.11751918 | G12: -0.14172839 | H12: -0.18026417 | I12: -0.21678081 | J12: -0.27408002 | K12: -0.31099893 | L12: -0.37236308
A13: r | B13: 0.8 | C13: -0.18679628 | D13: -0.18656033 | E13: -0.18675651 | F13: -0.18711176 | G13: -0.19435876 | H13: -0.21544954 | I13: -0.24179063 | J13: -0.28389236 | K13: -0.32183602 | L13: -0.37698456
A14: r | B14: 1.2 | C14: -0.24107609 | D14: -0.24195484 | E14: -0.24179414 | F14: -0.24228042 | G14: -0.24555791 | H14: -0.25707167 | I14: -0.27218381 | J14: -0.3012705 | K14: -0.33564845 | L14: -0.38450236
A15: r | B15: 1.6 | C15: -0.28832491 | D15: -0.28850628 | E15: -0.28792629 | F15: -0.28866432 | G15: -0.29079976 | H15: -0.29588656 | I15: -0.30503746 | J15: -0.32155313 | K15: -0.35259789 | L15: -0.39302215
A18: <Delta.v_1*Delta.v_2>
A19: t | B19: delta_t | C19: 0 | D19: 0.05 | E19: 0.1 | F19: 0.15 | G19: 0.5 | H19: 1 | I19: 1.5 | J19: 2.5 | K19: 5 | L19: 7.5
A20: r | B20: 0 | C20: 0 | D20: 0.00018522594 | E20: 0.00096072225 | F20: 0.00067303142 | G20: -0.0002016739 | H20: 0.00033246244 | I20: -0.00013794956 | J20: 0.00081292489 | K20: 0.0018639125 | L20: 0.0018396056
A21: r | B21: 0.1 | C21: 0.00022087762 | D21: 0.00026991736 | E21: 0.00038707252 | F21: 0.00060205225 | G21: -0.00048274802 | H21: -0.00024871087 | I21: -0.00048824705 | J21: 0.00043804109 | K21: 0.00087570344 | L21: 8.8108284e-05
A22: r | B22: 0.2 | C22: 6.7823038e-05 | D22: 0.00029364907 | E22: 0.00046447727 | F22: 0.00039620973 | G22: 0.00072260181 | H22: -0.00046606187 | I22: -0.00047623241 | J22: 0.00078614679 | K22: 0.0010225032 | L22: -0.00049033809
A23: r | B23: 0.3 | C23: 9.289232e-05 | D23: 0.00074835032 | E23: 0.000431652 | F23: 0.0010373379 | G23: 0.00024355543 | H23: -0.0012510978 | I23: -0.00045674136 | J23: -0.00050306265 | K23: -0.00059257227 | L23: -0.0016821885
A24: r | B24: 0.4 | C24: -0.00091552723 | D24: -0.00061271088 | E24: -0.00024257445 | F24: -9.8175855e-05 | G24: 1.0692448e-05 | H24: -0.0011986825 | I24: -0.00078931736 | J24: 0.00018148592 | K24: -0.00091171747 | L24: -0.0012236329
A25: r | B25: 0.8 | C25: -0.00047934719 | D25: -0.00034344434 | E25: -0.00043422003 | F25: -0.0010053406 | G25: -0.0019409081 | H25: -0.0016600565 | I25: -4.5871076e-05 | J25: -3.252472e-05 | K25: -0.0038422401 | L25: -0.0048900811
A26: r | B26: 1.2 | C26: -0.00070282198 | D26: -4.8950729e-05 | E26: 4.7378837e-06 | F26: -0.00030806016 | G26: -0.00026229399 | H26: -0.00017036537 | I26: -0.00064526071 | J26: -0.00087896572 | K26: -0.0058879857 | L26: -0.0077544521
A27: r | B27: 1.6 | C27: -0.00031105339 | D27: -0.00025892005 | E27: -0.00031606765 | F27: 1.0546822e-05 | G27: 0.00017670464 | H27: -0.0005856575 | I27: -0.00055399254 | J27: -0.0011343608 | K27: -0.0085067423 | L27: -0.0083755688
A30: <Delta.v_1*Delta.v_3>
A31: t | B31: delta_t | C31: 0 | D31: 0.05 | E31: 0.1 | F31: 0.15 | G31: 0.5 | H31: 1 | I31: 1.5 | J31: 2.5 | K31: 5 | L31: 7.5
A32: r | B32: 0 | C32: 0 | D32: 9.579609e-05 | E32: 0.00086888472 | F32: 0.00083328873 | G32: 0.0062181469 | H32: 0.013771535 | I32: 0.016877742 | J32: 0.01499038 | K32: 0.016309369 | L32: 0.016970039
A33: r | B33: 0.1 | C33: -6.7138417e-05 | D33: -0.00019401504 | E33: 0.00032665242 | F33: 0.00071748829 | G33: 0.0053069222 | H33: 0.013286098 | I33: 0.017809197 | J33: 0.014761798 | K33: 0.017176887 | L33: 0.016772762
A34: r | B34: 0.2 | C34: -0.0012880184 | D34: -0.0010694498 | E34: -1.8585052e-05 | F34: 0.0011195789 | G34: 0.0057371574 | H34: 0.013760639 | I34: 0.017648448 | J34: 0.014485033 | K34: 0.017185301 | L34: 0.017846407
A35: r | B35: 0.3 | C35: -0.00048314304 | D35: -0.00051908707 | E35: -0.00029155733 | F35: 0.00088213395 | G35: 0.00558675 | H35: 0.013283087 | I35: 0.017228432 | J35: 0.013626791 | K35: 0.017526247 | L35: 0.017003647
A36: r | B36: 0.4 | C36: -0.00099103982 | D36: -9.8112159e-05 | E36: 0.00042488152 | F36: 0.0010163234 | G36: 0.0062836627 | H36: 0.013958246 | I36: 0.01678013 | J36: 0.013965189 | K36: 0.018343619 | L36: 0.01593756
A37: r | B37: 0.8 | C37: 0.00061206901 | D37: 0.0015442776 | E37: 0.0021012239 | F37: 0.0019883478 | G37: 0.0057101295 | H37: 0.01247089 | I37: 0.015862799 | J37: 0.013660646 | K37: 0.019488772 | L37: 0.015129954
A38: r | B38: 1.2 | C38: 0.0016732208 | D38: 0.002452432 | E38: 0.003249016 | F38: 0.0032274632 | G38: 0.0074182236 | H38: 0.010564584 | I38: 0.015326015 | J38: 0.013608817 | K38: 0.019533701 | L38: 0.012649859
A39: r | B39: 1.6 | C39: 0.0022396471 | D39: 0.0027290701 | E39: 0.0026347068 | F39: 0.0034713395 | G39: 0.0056765078 | H39: 0.0093832395 | I39: 0.012178014 | J39: 0.01150969 | K39: 0.016114965 | L39: 0.0095686216
A42: <Delta.v_2*Delta.v_1>
A43: t | B43: delta_t | C43: 0 | D43: 0.05 | E43: 0.1 | F43: 0.15 | G43: 0.5 | H43: 1 | I43: 1.5 | J43: 2.5 | K43: 5 | L43: 7.5
A44: r | B44: 0 | C44: 0 | D44: 0.00013086382 | E44: 0.00010392525 | F44: 0.00034423858 | G44: -0.0012385082 | H44: -0.00031679209 | I44: -0.00052311201 | J44: -3.563155e-05 | K44: -0.000185299 | L44: 0.0013500011
A45: r | B45: 0.1 | C45: -0.00011159745 | D45: 0.00017320722 | E45: 0.00071580324 | F45: 0.00067173333 | G45: -0.00059927026 | H45: -0.00032978079 | I45: 0.00063177631 | J45: -0.00014274958 | K45: -0.00069430045 | L45: -0.00084604313
A46: r | B46: 0.2 | C46: 0.00033354487 | D46: 0.00088263557 | E46: 0.00035664521 | F46: 0.00043418855 | G46: 0.00013115632 | H46: 0.00030469301 | I46: 5.5219319e-05 | J46: 2.5342618e-05 | K46: -0.00062749466 | L46: -0.0024473425
A47: r | B47: 0.3 | C47: 0.00081214992 | D47: 0.00048612347 | E47: 0.00054824263 | F47: 0.00086173737 | G47: 0.00089863759 | H47: 0.00058084462 | I47: 0.00019064268 | J47: 0.00055243864 | K47: -0.0010767266 | L47: -0.0037516594
A48: r | B48: 0.4 | C48: 0.00160152 | D48: 0.0012101422 | E48: 0.0009675891 | F48: 0.00049949018 | G48: 0.00094881808 | H48: 0.0013079269 | I48: -7.6209991e-05 | J48: 0.0001673116 | K48: -0.0019563443 | L48: -0.0044563945
A49: r | B49: 0.8 | C49: 0.0015445047 | D49: 0.0012810813 | E49: 0.0012316458 | F49: 0.0018450083 | G49: 0.00036234353 | H49: 0.0014502105 | I49: 0.00099530809 | J49: 5.7054322e-05 | K49: -0.0041705799 | L49: -0.0065655621
A50: r | B50: 1.2 | C50: 0.0020870614 | D50: 0.0016559356 | E50: 0.0018120294 | F50: 0.00186827 | G50: 0.001097779 | H50: 0.0019141687 | I50: -0.00018705059 | J50: -0.001315821 | K50: -0.0071996584 | L50: -0.0075389558
A51: r | B51: 1.6 | C51: 0.0014750532 | D51: 0.0014403737 | E51: 0.0016237465 | F51: 0.0019192162 | G51: 0.0025942442 | H51: 0.0015306663 | I51: -0.00038912407 | J51: -0.0031759892 | K51: -0.0091128415 | L51: -0.007094173
A54: <Delta.v_2*Delta.v_2>
A55: t | B55: delta_t | C55: 0 | D55: 0.05 | E55: 0.1 | F55: 0.15 | G55: 0.5 | H55: 1 | I55: 1.5 | J55: 2.5 | K55: 5 | L55: 7.5
A56: r | B56: 0 | C56: 0 | D56: -0.025944585 | E56: -0.046471175 | F56: -0.060539261 | G56: -0.11552013 | H56: -0.16541622 | I56: -0.20736617 | J56: -0.26851905 | K56: -0.30603576 | L56: -0.36769557
A57: r | B57: 0.1 | C57: -0.057635145 | D57: -0.058410653 | E57: -0.063460317 | F57: -0.071663714 | G57: -0.11935016 | H57: -0.16787901 | I57: -0.20779156 | J57: -0.26853834 | K57: -0.30693297 | L57: -0.36688404
A58: r | B58: 0.2 | C58: -0.096092104 | D58: -0.096069602 | E58: -0.096676897 | F58: -0.098209091 | G58: -0.13063507 | H58: -0.17419714 | I58: -0.21139247 | J58: -0.2704998 | K58: -0.3092068 | L58: -0.36792248
A59: r | B59: 0.3 | C59: -0.12852807 | D59: -0.12796311 | E59: -0.12708833 | F59: -0.12770681 | G59: -0.14579544 | H59: -0.18308938 | I59: -0.21777184 | J59: -0.27271549 | K59: -0.31126775 | L59: -0.36905209
A60: r | B60: 0.4 | C60: -0.15666357 | D60: -0.15644309 | E60: -0.15666679 | F60: -0.15695193 | G60: -0.16605305 | H60: -0.19480278 | I60: -0.22512533 | J60: -0.27565288 | K60: -0.31469846 | L60: -0.37021387
A61: r | B61: 0.8 | C61: -0.24816714 | D61: -0.24796008 | E61: -0.24801338 | F61: -0.2479293 | G61: -0.24939143 | H61: -0.25602159 | I61: -0.26975495 | J61: -0.29825981 | K61: -0.33296261 | L61: -0.37864504
A62: r | B62: 1.2 | C62: -0.31874403 | D62: -0.31943341 | E62: -0.31901757 | F62: -0.31861415 | G62: -0.31957938 | H62: -0.32058453 | I62: -0.32134806 | J62: -0.33063515 | K62: -0.36181987 | L62: -0.38635062
A63: r | B63: 1.6 | C63: -0.37241679 | D63: -0.37328076 | E63: -0.37322339 | F63: -0.37289339 | G63: -0.37335454 | H63: -0.37293159 | I63: -0.37256484 | J63: -0.37050733 | K63: -0.38937306 | L63: -0.39496116
A66: <Delta.v_2*Delta.v_3>
A67: t | B67: delta_t | C67: 0 | D67: 0.05 | E67: 0.1 | F67: 0.15 | G67: 0.5 | H67: 1 | I67: 1.5 | J67: 2.5 | K67: 5 | L67: 7.5
A68: r | B68: 0 | C68: 0 | D68: 0.00046373808 | E68: 0.00085699929 | F68: 0.0017023468 | G68: 0.00096006259 | H68: 0.0012844998 | I68: 0.00095107257 | J68: 0.0013627522 | K68: 4.7621402e-05 | L68: -0.0011016456
A69: r | B69: 0.1 | C69: 0.0089466119 | D69: 0.0091457426 | E69: 0.009242506 | F69: 0.0089656284 | G69: 0.0081346493 | H69: 0.010137923 | I69: 0.0081304229 | J69: 0.0078986183 | K69: 0.0076381728 | L69: 0.0048392809
A70: r | B70: 0.2 | C70: 0.017137602 | D70: 0.017016964 | E70: 0.016691621 | F70: 0.01578162 | G70: 0.015130804 | H70: 0.016111691 | I70: 0.015956445 | J70: 0.015527984 | K70: 0.014624786 | L70: 0.011906726
A71: r | B71: 0.3 | C71: 0.024149502 | D71: 0.023393286 | E71: 0.02343865 | F71: 0.022939398 | G71: 0.023402428 | H71: 0.024120734 | I71: 0.023016872 | J71: 0.021281307 | K71: 0.021449805 | L71: 0.017752118
A72: r | B72: 0.4 | C72: 0.030495229 | D72: 0.030635251 | E72: 0.030933535 | F72: 0.030864927 | G72: 0.030676068 | H72: 0.030457347 | I72: 0.02951199 | J72: 0.027738016 | K72: 0.027524399 | L72: 0.023733285
A73: r | B73: 0.8 | C73: 0.055065883 | D73: 0.055296941 | E73: 0.055564245 | F73: 0.055528779 | G73: 0.055782855 | H73: 0.054391876 | I73: 0.052941799 | J73: 0.050881752 | K73: 0.053719606 | L73: 0.044739273
A74: r | B74: 1.2 | C74: 0.071559333 | D74: 0.072312337 | E74: 0.072258966 | F74: 0.071724623 | G74: 0.06958826 | H74: 0.069638145 | I74: 0.068238715 | J74: 0.06752873 | K74: 0.069631138 | L74: 0.062908488
A75: r | B75: 1.6 | C75: 0.077149292 | D75: 0.076991485 | E75: 0.077414519 | F75: 0.076554395 | G75: 0.074618359 | H75: 0.073598049 | I75: 0.073019768 | J75: 0.07406239 | K75: 0.074285196 | L75: 0.073591434
A78: <Delta.v_3*Delta.v_1>
A79: t | B79: delta_t | C79: 0 | D79: 0.05 | E79: 0.1 | F79: 0.15 | G79: 0.5 | H79: 1 | I79: 1.5 | J79: 2.5 | K79: 5 | L79: 7.5
A80: r | B80: 0 | C80: 0 | D80: -0.0011817399 | E80: -0.0022420375 | F80: -0.0027284663 | G80: -0.0072031567 | H80: -0.014582605 | I80: -0.017678262 | J80: -0.013343527 | K80: -0.018784361 | L80: -0.019519693
A81: r | B81: 0.1 | C81: -0.00073579496 | D81: -0.0017067947 | E81: -0.0016728076 | F81: -0.0024172141 | G81: -0.0070259239 | H81: -0.014234277 | I81: -0.016966404 | J81: -0.014210376 | K81: -0.017877889 | L81: -0.019171186
A82: r | B82: 0.2 | C82: -0.00038055177 | D82: -0.00039212935 | E82: -0.0012192 | F82: -0.0020432704 | G82: -0.0072581579 | H82: -0.013342753 | I82: -0.017343566 | J82: -0.015286375 | K82: -0.017956509 | L82: -0.018536965
A83: r | B83: 0.3 | C83: 0.00038770484 | D83: -0.00050056574 | E83: -0.0010743234 | F83: -0.0018928806 | G83: -0.0063100734 | H83: -0.012629102 | I83: -0.017585191 | J83: -0.015418981 | K83: -0.017424488 | L83: -0.017495446
A84: r | B84: 0.4 | C84: 0.00081068142 | D84: 0.00057480602 | E84: -0.00050668364 | F84: -0.00097788223 | G84: -0.0061707097 | H84: -0.012183577 | I84: -0.01721663 | J84: -0.015626702 | K84: -0.017264683 | L84: -0.016835264
A85: r | B85: 0.8 | C85: 0.0013162705 | D85: 0.0015293791 | E85: 0.00095815076 | F85: 0.00020603633 | G85: -0.0034344906 | H85: -0.0095253646 | I85: -0.014781927 | J85: -0.015095663 | K85: -0.017371961 | L85: -0.016499613
A86: r | B86: 1.2 | C86: 0.0017162549 | D86: 0.0022408748 | E86: 0.0015020277 | F86: 0.0007453357 | G86: -0.0018894813 | H86: -0.0069365543 | I86: -0.01115166 | J86: -0.015144872 | K86: -0.015547113 | L86: -0.015110714
A87: r | B87: 1.6 | C87: 0.0038340001 | D87: 0.0030140596 | E87: 0.0023352161 | F87: 0.0020232496 | G87: -4.9638791e-05 | H87: -0.0050007786 | I87: -0.0087256451 | J87: -0.012837911 | K87: -0.011768178 | L87: -0.01308969
A90: <Delta.v_3*Delta.v_2>
A91: t | B91: delta_t | C91: 0 | D91: 0.05 | E91: 0.1 | F91: 0.15 | G91: 0.5 | H91: 1 | I91: 1.5 | J91: 2.5 | K91: 5 | L91: 7.5
A92: r | B92: 0 | C92: 0 | D92: 0.00020040015 | E92: 0.00063987047 | F92: 0.00072773705 | G92: -0.0013741564 | H92: -0.0012510507 | I92: -0.0010013727 | J92: -0.001316807 | K92: 0.00065455723 | L92: 0.00080851974
A93: r | B93: 0.1 | C93: -0.0072849167 | D93: -0.0078300369 | E93: -0.0088614694 | F93: -0.0087338415 | G93: -0.0095622992 | H93: -0.010077178 | I93: -0.0087532089 | J93: -0.0098486979 | K93: -0.0067275248 | L93: -0.0035256285
A94: r | B94: 0.2 | C94: -0.015610939 | D94: -0.016842893 | E94: -0.017013856 | F94: -0.017087189 | G94: -0.016123208 | H94: -0.017457649 | I94: -0.017308557 | J94: -0.018645783 | K94: -0.014123976 | L94: -0.00758975
A95: r | B95: 0.3 | C95: -0.023669039 | D95: -0.024382083 | E95: -0.024237157 | F95: -0.025071943 | G95: -0.025343234 | H95: -0.023993761 | I95: -0.024882631 | J95: -0.028384529 | K95: -0.020098556 | L95: -0.010848093
A96: r | B96: 0.4 | C96: -0.030835187 | D96: -0.030953117 | E96: -0.030918517 | F96: -0.031847864 | G96: -0.031801653 | H96: -0.030962802 | I96: -0.033113234 | J96: -0.036245685 | K96: -0.026853946 | L96: -0.01468947
A97: r | B97: 0.8 | C97: -0.055041185 | D97: -0.054959181 | E97: -0.055255831 | F97: -0.055550934 | G97: -0.057448415 | H97: -0.05825175 | I97: -0.060474288 | J97: -0.064550145 | K97: -0.050548905 | L97: -0.027056646
A98: r | B98: 1.2 | C98: -0.07129818 | D98: -0.072180313 | E98: -0.072355039 | F98: -0.07267551 | G98: -0.074212355 | H98: -0.075851287 | I98: -0.077972503 | J98: -0.082256778 | K98: -0.068052292 | L98: -0.035693997
A99: r | B99: 1.6 | C99: -0.079350205 | D99: -0.07975904 | E99: -0.079243524 | F99: -0.07905252 | G99: -0.081496182 | H99: -0.080747672 | I99: -0.083942971 | J99: -0.088116951 | K99: -0.077445037 | L99: -0.039514963
A102: <Delta.v_3*Delta.v_3>
A103: t | B103: delta_t | C103: 0 | D103: 0.05 | E103: 0.1 | F103: 0.15 | G103: 0.5 | H103: 1 | I103: 1.5 | J103: 2.5 | K103: 5 | L103: 7.5
A104: r | B104: 0 | C104: 0 | D104: -0.026469805 | E104: -0.045665036 | F104: -0.059294992 | G104: -0.11373861 | H104: -0.16530934 | I104: -0.21300486 | J104: -0.29592386 | K104: -0.36390289 | L104: -0.44162003
A105: r | B105: 0.1 | C105: -0.058514985 | D105: -0.058707084 | E105: -0.06397008 | F105: -0.071446328 | G105: -0.11720029 | H105: -0.16799713 | I105: -0.21524738 | J105: -0.29730907 | K105: -0.36515633 | L105: -0.44063126
A106: r | B106: 0.2 | C106: -0.098165322 | D106: -0.097342221 | E106: -0.097201538 | F106: -0.098491538 | G106: -0.12967353 | H106: -0.17569436 | I106: -0.22013888 | J106: -0.30044227 | K106: -0.36627136 | L106: -0.44036918
A107: r | B107: 0.3 | C107: -0.12952081 | D107: -0.12933797 | E107: -0.12949541 | F107: -0.12995662 | G107: -0.1469964 | H107: -0.18783107 | I107: -0.22683232 | J107: -0.30450157 | K107: -0.3701673 | L107: -0.44048075
A108: r | B108: 0.4 | C108: -0.16071488 | D108: -0.16053915 | E108: -0.15942892 | F108: -0.15966291 | G108: -0.16966032 | H108: -0.2025881 | I108: -0.23780575 | J108: -0.30967676 | K108: -0.37447754 | L108: -0.4415144
A109: r | B109: 0.8 | C109: -0.26538053 | D109: -0.26503978 | E109: -0.26577719 | F109: -0.26581504 | G109: -0.26860549 | H109: -0.27758361 | I109: -0.29742111 | J109: -0.34062965 | K109: -0.40212742 | L109: -0.44856655
A110: r | B110: 1.2 | C110: -0.3528193 | D110: -0.35291692 | E110: -0.35328013 | F110: -0.35375723 | G110: -0.35460241 | H110: -0.359331 | I110: -0.36774206 | J110: -0.384601 | K110: -0.43766101 | L110: -0.46069352
A111: r | B111: 1.6 | C111: -0.42475462 | D111: -0.42381155 | E111: -0.42337963 | F111: -0.4237241 | G111: -0.42542995 | H111: -0.42852456 | I111: -0.43024356 | J111: -0.43410887 | K111: -0.46809039 | L111: -0.47208281
A120: <delta_t.v_1*delta_t.v_1>
A121: t | B121: delta_t | C121: 0 | D121: 0.05 | E121: 0.1 | F121: 0.15 | G121: 0.5 | H121: 1 | I121: 1.5 | J121: 2.5 | K121: 5 | L121: 7.5
A122: r | B122: 0 | C122: 0 | D122: 0 | E122: 0 | F122: 0 | G122: 0 | H122: 0 | I122: 0 | J122: 0 | K122: 0 | L122: 0
A123: r | B123: 0.1 | C123: -0.039687078 | D123: -0.018390734 | E123: -0.0092799822 | F123: -0.005506862 | G123: -0.0013593505 | H123: -0.001691119 | I123: -0.0010915503 | J123: -0.00050757719 | K123: -0.00045731937 | L123: 0.00090024091
A124: r | B124: 0.2 | C124: -0.069480957 | D124: -0.04579034 | E124: -0.029554084 | F124: -0.021093652 | G124: -0.0068225256 | H124: -0.0052968681 | I124: -0.0026942431 | J124: -0.0013517428 | K124: -0.00049845901 | L124: 0.0002577965
A125: r | B125: 0.3 | C125: -0.093761508 | D125: -0.068352769 | E125: -0.050386748 | F125: -0.038822083 | G125: -0.016512931 | H125: -0.0099438887 | I125: -0.0055060956 | J125: -0.0017015466 | K125: -0.0020481413 | L125: -0.0002196875
A126: r | B126: 0.4 | C126: -0.11495038 | D126: -0.089438851 | E126: -0.069786941 | F126: -0.057739713 | G126: -0.026983071 | H126: -0.016035854 | I126: -0.0089802199 | J126: -0.0041259914 | K126: -0.0025954348 | L126: -0.001121767
A127: r | B127: 0.8 | C127: -0.18679628 | D127: -0.16046041 | E127: -0.14109284 | F127: -0.12733229 | G127: -0.079613438 | H127: -0.051221219 | I127: -0.033990034 | J127: -0.013938325 | K127: -0.013432526 | L127: -0.0057432432
A128: r | B128: 1.2 | C128: -0.24107609 | D128: -0.21585492 | E128: -0.19613046 | F128: -0.18250095 | G128: -0.13081259 | H128: -0.092843347 | I128: -0.064383223 | J128: -0.031316464 | K128: -0.027244959 | L128: -0.013261044
...

Sheet _3_0
A1: Nmb_of_pts | B1: 150000, time_0 | C1: 0.2
A6: <Delta.v_1*Delta.v_1>
A7: t | B7: delta_t | C7: 0 | D7: 0.05 | E7: 0.1 | F7: 0.15 | G7: 0.5 | H7: 1 | I7: 1.5 | J7: 2.5 | K7: 5 | L7: 7.5
A8: r | B8: 0 | C8: 0 | D8: -0.026569264 | E8: -0.045864089 | F8: -0.059457918 | G8: -0.1142157 | H8: -0.16448996 | I8: -0.20776877 | J8: -0.27081978 | K8: -0.30763218 | L8: -0.36973942
A9: r | B9: 0.1 | C9: -0.040014031 | D9: -0.044689607 | E9: -0.054668032 | F9: -0.06505731 | G9: -0.11710471 | H9: -0.16570344 | I9: -0.20851873 | J9: -0.27032933 | K9: -0.3072653 | L9: -0.37035869
A10: r | B10: 0.2 | C10: -0.069723528 | D10: -0.070927604 | E10: -0.074374554 | F10: -0.079872144 | G10: -0.12200617 | H10: -0.16925982 | I10: -0.20992929 | J10: -0.27083052 | K10: -0.30789386 | L10: -0.3704565
A11: r | B11: 0.3 | C11: -0.093486067 | D11: -0.094393234 | E11: -0.095949595 | F11: -0.09845959 | G11: -0.12971305 | H11: -0.1734614 | I11: -0.21240056 | J11: -0.27284855 | K11: -0.30877129 | L11: -0.37084692
A12: r | B12: 0.4 | C12: -0.11550375 | D12: -0.11537002 | E12: -0.11591876 | F12: -0.11715549 | G12: -0.14086692 | H12: -0.17989763 | I12: -0.21732518 | J12: -0.27498793 | K12: -0.31018982 | L12: -0.37136187
A13: r | B13: 0.8 | C13: -0.18573544 | D13: -0.18559674 | E13: -0.18648139 | F13: -0.18695503 | G13: -0.19425527 | H13: -0.21673369 | I13: -0.24095665 | J13: -0.28404054 | K13: -0.31991781 | L13: -0.37609103
A14: r | B14: 1.2 | C14: -0.2418678 | D14: -0.242721 | E14: -0.24311024 | F14: -0.24413195 | G14: -0.24777492 | H14: -0.25772744 | I14: -0.27464682 | J14: -0.30116265 | K14: -0.33377319 | L14: -0.38402913
A15: r | B15: 1.6 | C15: -0.28798552 | D15: -0.28770081 | E15: -0.28776463 | F15: -0.28839699 | G15: -0.29123889 | H15: -0.29848163 | I15: -0.30564881 | J15: -0.32145787 | K15: -0.35148014 | L15: -0.39158749
A18: <Delta.v_1*Delta.v_2>
A19: t | B19: delta_t | C19: 0 | D19: 0.05 | E19: 0.1 | F19: 0.15 | G19: 0.5 | H19: 1 | I19: 1.5 | J19: 2.5 | K19: 5 | L19: 7.5
A20: r | B20: 0 | C20: 0 | D20: -0.00050373462 | E20: 0.00024173982 | F20: -0.0002095385 | G20: -0.0023846698 | H20: -0.0019854837 | I20: -0.00081959353 | J20: -0.00057637588 | K20: 0.00040850948 | L20: -0.00057511035
A21: r | B21: 0.1 | C21: 0.00042403349 | D21: 3.8849922e-05 | E21: -0.00050280593 | F21: -0.00063907541 | G21: -0.0017657793 | H21: -0.0017435583 | I21: -0.00028357793 | J21: -0.0002520238 | K21: 0.00061618612 | L21: -0.0022228564
A22: r | B22: 0.2 | C22: -0.00024872616 | D22: -0.00011783336 | E22: -4.8341656e-05 | F22: -0.00030422935 | G22: -0.0011988813 | H22: -0.001399623 | I22: -0.00060050826 | J22: -0.00017384427 | K22: -0.0010367796 | L22: -0.0030032463
A23: r | B23: 0.3 | C23: -0.00081504161 | D23: -0.00023416899 | E23: -0.00028746064 | F23: -0.00070484069 | G23: -0.00016082998 | H23: -0.00026401246 | I23: -0.00015014967 | J23: 0.00081201996 | K23: -0.0011800891 | L23: -0.0041742737
A24: r | B24: 0.4 | C24: -0.00070322962 | D24: -0.00051094132 | E24: -0.00067397192 | F24: -0.00038371765 | G24: -0.0013623129 | H24: -2.784591e-05 | I24: -0.0003953924 | J24: 0.00044764514 | K24: -0.0014287099 | L24: -0.0050662378
A25: r | B25: 0.8 | C25: 6.5093881e-05 | D25: 0.00010714256 | E25: 4.8941206e-05 | F25: 0.00022318835 | G25: -0.0017763113 | H25: -8.18178e-05 | I25: 0.001152866 | J25: 0.00045057253 | K25: -0.0038599933 | L25: -0.0074825781
A26: r | B26: 1.2 | C26: 0.00056031827 | D26: 0.00019175666 | E26: -0.00041596019 | F26: -0.00071792788 | G26: -0.0003634247 | H26: -0.00034117846 | I26: -0.001540115 | J26: -0.0010387498 | K26: -0.0078150221 | L26: -0.009809198
A27: r | B27: 1.6 | C27: 0.00022518673 | D27: 0.00048086923 | E27: 0.00012897195 | F27: 0.00024350635 | G27: -0.00022334492 | H27: -0.00019198855 | I27: -9.947539e-05 | J27: -0.0033874779 | K27: -0.010514546 | L27: -0.0098426953
A30: <Delta.v_1*Delta.v_3>
A31: t | B31: delta_t | C31: 0 | D31: 0.05 | E31: 0.1 | F31: 0.15 | G31: 0.5 | H31: 1 | I31: 1.5 | J31: 2.5 | K31: 5 | L31: 7.5
A32: r | B32: 0 | C32: 0 | D32: 0.00087335387 | E32: 0.0015033496 | F32: 0.0021152707 | G32: 0.0071456642 | H32: 0.015446415 | I32: 0.018451234 | J32: 0.0162984 | K32: 0.020515358 | L32: 0.019484968
A33: r | B33: 0.1 | C33: 0.0011784922 | D33: 0.0014456916 | E33: 0.00082400701 | F33: 0.0023078797 | G33: 0.0077506405 | H33: 0.015031158 | I33: 0.018197891 | J33: 0.015642365 | K33: 0.019298182 | L33: 0.019304884
A34: r | B34: 0.2 | C34: 0.00026368236 | D34: 0.00030261362 | E34: 0.0019059407 | F34: 0.0021096562 | G34: 0.0078051244 | H34: 0.014979737 | I34: 0.018142592 | J34: 0.01484133 | K34: 0.019920904 | L34: 0.019475716
A35: r | B35: 0.3 | C35: 0.00092580731 | D35: 0.0010053704 | E35: 0.0011659086 | F35: 0.0021547357 | G35: 0.008217988 | H35: 0.014924715 | I35: 0.018401454 | J35: 0.015179011 | K35: 0.019272749 | L35: 0.018208022
A36: r | B36: 0.4 | C36: 0.00053826367 | D36: 0.0014557689 | E36: 0.0018030633 | F36: 0.0036168017 | G36: 0.0078232372 | H36: 0.015563019 | I36: 0.019010674 | J36: 0.016565232 | K36: 0.019526943 | L36: 0.016739226
A37: r | B37: 0.8 | C37: 0.0014022621 | D37: 0.0028318416 | E37: 0.0039495184 | F37: 0.0050901242 | G37: 0.0080460929 | H37: 0.013848218 | I37: 0.01826462 | J37: 0.015190761 | K37: 0.019622771 | L37: 0.015554786
A38: r | B38: 1.2 | C38: 0.0053401181 | D38: 0.0055582679 | E38: 0.0060231229 | F38: 0.0060189275 | G38: 0.0088770245 | H38: 0.013223806 | I38: 0.016671753 | J38: 0.015245302 | K38: 0.01958337 | L38: 0.012661165
A39: r | B39: 1.6 | C39: 0.0034147571 | D39: 0.0044442155 | E39: 0.0053152447 | F39: 0.0061057372 | G39: 0.0080697002 | H39: 0.010838455 | I39: 0.013218401 | J39: 0.012680849 | K39: 0.016216972 | L39: 0.0099032567
A42: <Delta.v_2*Delta.v_1>
A43: t | B43: delta_t | C43: 0 | D43: 0.05 | E43: 0.1 | F43: 0.15 | G43: 0.5 | H43: 1 | I43: 1.5 | J43: 2.5 | K43: 5 | L43: 7.5
A44: r | B44: 0 | C44: 0 | D44: -0.0002803362 | E44: 4.0435422e-06 | F44: 0.00032516383 | G44: 8.2557988e-05 | H44: -0.00012683035 | I44: -6.1772923e-05 | J44: 7.2756109e-06 | K44: -0.0012377534 | L44: 0.0021130694
A45: r | B45: 0.1 | C45: 0.00069203977 | D45: 3.3755142e-05 | E45: 0.0004137249 | F45: 0.00046564723 | G45: 0.00045557395 | H45: -0.0010692168 | I45: -0.00015365043 | J45: -0.00019266182 | K45: -0.0022744375 | L45: 0.00078685462
A46: r | B46: 0.2 | C46: 0.0003750205 | D46: 0.00033220455 | E46: 0.00033021801 | F46: 0.0006970913 | G46: -0.00013989035 | H46: -0.0007212947 | I46: -0.00019668993 | J46: -0.00028310325 | K46: -0.0016112441 | L46: -0.00063388885
A47: r | B47: 0.3 | C47: 0.00096072975 | D47: 0.0010503303 | E47: 0.00058789592 | F47: 0.00069350021 | G47: -0.00015424826 | H47: -0.00081119485 | I47: -0.00044297035 | J47: -0.00029419192 | K47: -0.0013660002 | L47: -0.0022822368
A48: r | B48: 0.4 | C48: 0.0010606812 | D48: 0.0011761287 | E48: 0.001591199 | F48: 0.00076273745 | G48: -9.1384864e-05 | H48: -0.00032485441 | I48: -0.00024529632 | J48: 0.00026813956 | K48: -0.0022761581 | L48: -0.0034276473
A49: r | B49: 0.8 | C49: 0.0016082136 | D49: 0.001156063 | E49: 0.0015104634 | F49: 0.0014291297 | G49: 8.2677929e-05 | H49: -0.00076852193 | I49: -0.00064619969 | J49: -0.0005864136 | K49: -0.0037000533 | L49: -0.0055188763
A50: r | B50: 1.2 | C50: 0.0014598902 | D50: 0.0015564089 | E50: 0.0014767108 | F50: 0.0018989274 | G50: 0.0013139556 | H50: 3.9520308e-05 | I50: -0.00065117207 | J50: -0.0034331047 | K50: -0.0077666499 | L50: -0.0093147124
A51: r | B51: 1.6 | C51: 0.0013559166 | D51: 0.0015588335 | E51: 0.001779991 | F51: 0.0009605653 | G51: 0.0012629106 | H51: -0.00079905536 | I51: -0.00093454144 | J51: -0.0048255843 | K51: -0.010677679 | L51: -0.0096364009
A54: <Delta.v_2*Delta.v_2>
A55: t | B55: delta_t | C55: 0 | D55: 0.05 | E55: 0.1 | F55: 0.15 | G55: 0.5 | H55: 1 | I55: 1.5 | J55: 2.5 | K55: 5 | L55: 7.5
A56: r | B56: 0 | C56: 0 | D56: -0.025352504 | E56: -0.045093357 | F56: -0.059133612 | G56: -0.11405423 | H56: -0.1645109 | I56: -0.20897845 | J56: -0.26967099 | K56: -0.30605482 | L56: -0.37152892
A57: r | B57: 0.1 | C57: -0.057574888 | D57: -0.057919115 | E57: -0.062838309 | F57: -0.070583 | G57: -0.1177828 | H57: -0.16628918 | I57: -0.2098212 | J57: -0.2699417 | K57: -0.30689445 | L57: -0.37118046
A58: r | B58: 0.2 | C58: -0.095373642 | D58: -0.095637134 | E58: -0.096071347 | F58: -0.097855075 | G58: -0.12899404 | H58: -0.17215674 | I58: -0.21219513 | J58: -0.27113806 | K58: -0.30931228 | L58: -0.37191778
A59: r | B59: 0.3 | C59: -0.12725796 | D59: -0.12759906 | E59: -0.12741072 | F59: -0.12801407 | G59: -0.14546873 | H59: -0.18098217 | I59: -0.21854792 | J59: -0.27322834 | K59: -0.3111687 | L59: -0.37238066
A60: r | B60: 0.4 | C60: -0.1556679 | D60: -0.15541252 | E60: -0.15634789 | F60: -0.15579204 | G60: -0.16612555 | H60: -0.19434322 | I60: -0.22591076 | J60: -0.27716051 | K60: -0.31508705 | L60: -0.37313322
A61: r | B61: 0.8 | C61: -0.24745811 | D61: -0.24750858 | E61: -0.24765014 | F61: -0.24772213 | G61: -0.24938958 | H61: -0.25745217 | I61: -0.26955309 | J61: -0.29865285 | K61: -0.33326206 | L61: -0.37916588
A62: r | B62: 1.2 | C62: -0.31811594 | D62: -0.31865645 | E62: -0.31890547 | F62: -0.31933509 | G62: -0.31933993 | H62: -0.32218466 | I62: -0.32323279 | J62: -0.33186094 | K62: -0.36298422 | L62: -0.38833015
A63: r | B63: 1.6 | C63: -0.37360975 | D63: -0.37368574 | E63: -0.37441222 | F63: -0.37422106 | G63: -0.37439242 | H63: -0.37397922 | I63: -0.37230618 | J63: -0.37152583 | K63: -0.38987852 | L63: -0.3944825
A66: <Delta.v_2*Delta.v_3>
A67: t | B67: delta_t | C67: 0 | D67: 0.05 | E67: 0.1 | F67: 0.15 | G67: 0.5 | H67: 1 | I67: 1.5 | J67: 2.5 | K67: 5 | L67: 7.5
A68: r | B68: 0 | C68: 0 | D68: 0.00055773965 | E68: 0.00044744722 | F68: -0.00038668614 | G68: 0.00056773787 | H68: 0.00049330209 | I68: 0.00020377837 | J68: 0.00048530775 | K68: 0.0023098896 | L68: 0.0015597231
A69: r | B69: 0.1 | C69: 0.0081149005 | D69: 0.007890985 | E69: 0.0080179818 | F69: 0.0085061329 | G69: 0.008141894 | H69: 0.0082662546 | I69: 0.0073879929 | J69: 0.007004315 | K69: 0.0094971962 | L69: 0.0077394993
A70: r | B70: 0.2 | C70: 0.016455186 | D70: 0.016591947 | E70: 0.016282097 | F70: 0.01595059 | G70: 0.015766125 | H70: 0.016068181 | I70: 0.014540876 | J70: 0.013874185 | K70: 0.015896813 | L70: 0.013803343
A71: r | B71: 0.3 | C71: 0.02416542 | D71: 0.02411817 | E71: 0.023749306 | F71: 0.023529682 | G71: 0.022691753 | H71: 0.022321555 | I71: 0.020016794 | J71: 0.020722149 | K71: 0.021998831 | L71: 0.019430932
A72: r | B72: 0.4 | C72: 0.031128492 | D72: 0.031000697 | E72: 0.031061957 | F72: 0.030753215 | G72: 0.029363092 | H72: 0.029298494 | I72: 0.027238309 | J72: 0.027702335 | K72: 0.029240631 | L72: 0.02438777
A73: r | B73: 0.8 | C73: 0.054876362 | D73: 0.05504882 | E73: 0.054238294 | F73: 0.054605907 | G73: 0.054195881 | H73: 0.053185352 | I73: 0.052819539 | J73: 0.050161747 | K73: 0.054640046 | L73: 0.045982457
A74: r | B74: 1.2 | C74: 0.07103713 | D74: 0.070744655 | E74: 0.070801519 | F74: 0.070699827 | G74: 0.069799334 | H74: 0.069331714 | I74: 0.068409466 | J74: 0.066578137 | K74: 0.070867958 | L74: 0.064620082
A75: r | B75: 1.6 | C75: 0.078713009 | D75: 0.078127973 | E75: 0.078001469 | F75: 0.078248335 | G75: 0.076576846 | H75: 0.074485336 | I75: 0.073194744 | J75: 0.072653482 | K75: 0.073902879 | L75: 0.074198324
A78: <Delta.v_3*Delta.v_1>
A79: t | B79: delta_t | C79: 0 | D79: 0.05 | E79: 0.1 | F79: 0.15 | G79: 0.5 | H79: 1 | I79: 1.5 | J79: 2.5 | K79: 5 | L79: 7.5
A80: r | B80: 0 | C80: 0 | D80: -0.0012832556 | E80: -0.0012906222 | F80: -0.0014311361 | G80: -0.0053543675 | H80: -0.012777662 | I80: -0.01548208 | J80: -0.011693079 | K80: -0.016021411 | L80: -0.018067722
A81: r | B81: 0.1 | C81: -0.0003569667 | D81: -0.0010013691 | E81: -0.001762586 | F81: -0.002395849 | G81: -0.0058978172 | H81: -0.012958902 | I81: -0.015481057 | J81: -0.012111684 | K81: -0.015670426 | L81: -0.018639853
A82: r | B82: 0.2 | C82: -0.0001322598 | D82: -0.00084392306 | E82: -0.0019216504 | F82: -0.0019446697 | G82: -0.0059030837 | H82: -0.012638017 | I82: -0.016056072 | J82: -0.011805846 | K82: -0.016112258 | L82: -0.018858955
A83: r | B83: 0.3 | C83: -2.5516548e-05 | D83: -0.00033804088 | E83: -0.0014297684 | F83: -0.0020073835 | G83: -0.0055637285 | H83: -0.011266391 | I83: -0.015997485 | J83: -0.011744684 | K83: -0.016169337 | L83: -0.018444546
A84: r | B84: 0.4 | C84: 0.00030815005 | D84: -0.00079015835 | E84: -0.0015345133 | F84: -0.0020387961 | G84: -0.0055180696 | H84: -0.010781614 | I84: -0.014800832 | J84: -0.011835102 | K84: -0.016600796 | L84: -0.017877401
A85: r | B85: 0.8 | C85: 0.0015481796 | D85: 0.00097114891 | E85: 0.00037847213 | F85: -0.00010425826 | G85: -0.0035331573 | H85: -0.0080793213 | I85: -0.012107142 | J85: -0.010824648 | K85: -0.017172923 | L85: -0.016646433
A86: r | B86: 1.2 | C86: 0.0041128556 | D86: 0.0040467606 | E86: 0.0042944395 | F86: 0.0036555205 | G86: -0.00087068216 | H86: -0.0053572565 | I86: -0.0078723335 | J86: -0.010654771 | K86: -0.014728561 | L86: -0.012882724
A87: r | B87: 1.6 | C87: 0.0039047382 | D87: 0.0039155196 | E87: 0.0035592103 | F87: 0.0030702108 | G87: 0.00045041232 | H87: -0.0029706 | I87: -0.0052910344 | J87: -0.0094342604 | K87: -0.010872078 | L87: -0.011771789
A90: <Delta.v_3*Delta.v_2>
A91: t | B91: delta_t | C91: 0 | D91: 0.05 | E91: 0.1 | F91: 0.15 | G91: 0.5 | H91: 1 | I91: 1.5 | J91: 2.5 | K91: 5 | L91: 7.5
A92: r | B92: 0 | C92: 0 | D92: 0.00011891627 | E92: 0.00054941334 | F92: 0.00042950979 | G92: -2.5432106e-05 | H92: -0.00063955952 | I92: -0.0012185446 | J92: -0.00084147737 | K92: -0.000986705 | L92: -0.00031882047
A93: r | B93: 0.1 | C93: -0.0083849086 | D93: -0.0081486798 | E93: -0.009124406 | F93: -0.0082661528 | G93: -0.0081411465 | H93: -0.0085793246 | I93: -0.0080571626 | J93: -0.010210287 | K93: -0.0077751173 | L93: -0.0048361033
A94: r | B94: 0.2 | C94: -0.017286006 | D94: -0.017320842 | E94: -0.016370669 | F94: -0.016671619 | G94: -0.0167645 | H94: -0.016771252 | I94: -0.016964223 | J94: -0.018679441 | K94: -0.01400527 | L94: -0.0081890741
A95: r | B95: 0.3 | C95: -0.024182246 | D95: -0.024201351 | E95: -0.024465822 | F95: -0.024776034 | G95: -0.02398283 | H95: -0.025109831 | I95: -0.023714963 | J95: -0.02740886 | K95: -0.019157439 | L95: -0.011473066
A96: r | B96: 0.4 | C96: -0.030976748 | D96: -0.030997561 | E96: -0.031350061 | F96: -0.031665612 | G96: -0.031268471 | H96: -0.031256498 | I96: -0.030463774 | J96: -0.035330496 | K96: -0.026150613 | L96: -0.014382584
A97: r | B97: 0.8 | C97: -0.0542287 | D97: -0.054075117 | E97: -0.055392181 | F97: -0.054995344 | G97: -0.056588544 | H97: -0.056033407 | I97: -0.059081269 | J97: -0.062964026 | K97: -0.049396369 | L97: -0.026067909
A98: r | B98: 1.2 | C98: -0.069929861 | D98: -0.069732128 | E98: -0.070119725 | F98: -0.070223344 | G98: -0.071914118 | H98: -0.074106277 | I98: -0.076978678 | J98: -0.079220511 | K98: -0.068033246 | L98: -0.034303315
A99: r | B99: 1.6 | C99: -0.076328441 | D99: -0.076581641 | E99: -0.077181232 | F99: -0.076552541 | G99: -0.078573452 | H99: -0.07967824 | I99: -0.082491705 | J99: -0.085728942 | K99: -0.075945205 | L99: -0.036444395
A102: <Delta.v_3*Delta.v_3>
A103: t | B103: delta_t | C103: 0 | D103: 0.05 | E103: 0.1 | F103: 0.15 | G103: 0.5 | H103: 1 | I103: 1.5 | J103: 2.5 | K103: 5 | L103: 7.5
A104: r | B104: 0 | C104: 0 | D104: -0.025425153 | E104: -0.044497714 | F104: -0.058663624 | G104: -0.1159359 | H104: -0.16844729 | I104: -0.21574593 | J104: -0.29764462 | K104: -0.36598846 | L104: -0.44054379
A105: r | B105: 0.1 | C105: -0.058833463 | D105: -0.058518898 | E105: -0.063134228 | F105: -0.070694097 | G105: -0.11958171 | H105: -0.17131513 | I105: -0.21765911 | J105: -0.29875743 | K105: -0.36584223 | L105: -0.44007174
A106: r | B106: 0.2 | C106: -0.097077081 | D106: -0.096758383 | E106: -0.096872974 | F106: -0.098549576 | G106: -0.1309523 | H106: -0.17824258 | I106: -0.22223265 | J106: -0.30091267 | K106: -0.36761925 | L106: -0.43981025
A107: r | B107: 0.3 | C107: -0.12987908 | D107: -0.12985625 | E107: -0.12960046 | F107: -0.13011214 | G107: -0.14838059 | H107: -0.18994652 | I107: -0.23038137 | J107: -0.30445693 | K107: -0.37121079 | L107: -0.44053077
A108: r | B108: 0.4 | C108: -0.16063537 | D108: -0.16037876 | E108: -0.16084213 | F108: -0.16061509 | G108: -0.17011475 | H108: -0.20367005 | I108: -0.24042327 | J108: -0.31028475 | K108: -0.37558912 | L108: -0.44141819
A109: r | B109: 0.8 | C109: -0.26693964 | D109: -0.26688616 | E109: -0.26669828 | F109: -0.26707334 | G109: -0.26905852 | H109: -0.27924542 | I109: -0.3001625 | J109: -0.34267696 | K109: -0.40597361 | L109: -0.45011656
A110: r | B110: 1.2 | C110: -0.35477366 | D110: -0.35525642 | E110: -0.35566757 | F110: -0.3555939 | G110: -0.35846146 | H110: -0.36288267 | I110: -0.3714145 | J110: -0.38747296 | K110: -0.440246 | L110: -0.46282168
A111: r | B111: 1.6 | C111: -0.42532681 | D111: -0.42576955 | E111: -0.42575477 | F111: -0.42614829 | G111: -0.42826954 | H111: -0.43154743 | I111: -0.43208252 | J111: -0.43565328 | K111: -0.46980881 | L111: -0.47293584
A120: <delta_t.v_1*delta_t.v_1>
A121: t | B121: delta_t | C121: 0 | D121: 0.05 | E121: 0.1 | F121: 0.15 | G121: 0.5 | H121: 1 | I121: 1.5 | J121: 2.5 | K121: 5 | L121: 7.5
A122: r | B122: 0 | C122: 0 | D122: 0 | E122: 0 | F122: 0 | G122: 0 | H122: 0 | I122: 0 | J122: 0 | K122: 0 | L122: 0
A123: r | B123: 0.1 | C123: -0.040014031 | D123: -0.018120343 | E123: -0.008803943 | F123: -0.0055993923 | G123: -0.0028890131 | H123: -0.0012134797 | I123: -0.00074995243 | J123: 0.00049045132 | K123: 0.00036687345 | L123: -0.00061927071
A124: r | B124: 0.2 | C124: -0.069723528 | D124: -0.04435834 | E124: -0.028510464 | F124: -0.020414226 | G124: -0.0077904707 | H124: -0.0047698627 | I124: -0.0021605193 | J124: -1.0738143e-05 | K124: -0.00026168459 | L124: -0.00071707957
A125: r | B125: 0.3 | C125: -0.093486067 | D125: -0.06782397 | E125: -0.050085506 | F125: -0.039001672 | G125: -0.015497356 | H125: -0.0089714417 | I125: -0.004631786 | J125: -0.0020287712 | K125: -0.0011391134 | L125: -0.0011075024
A126: r | B126: 0.4 | C126: -0.11550375 | D126: -0.088800759 | E126: -0.070054673 | F126: -0.05769757 | G126: -0.026651228 | H126: -0.015407672 | I126: -0.0095564035 | J126: -0.004168148 | K126: -0.002557641 | L126: -0.0016224505
A127: r | B127: 0.8 | C127: -0.18573544 | D127: -0.15902748 | E127: -0.1406173 | F127: -0.12749711 | G127: -0.080039577 | H127: -0.052243733 | I127: -0.03318788 | J127: -0.01322076 | K127: -0.012285637 | L127: -0.0063516121
A128: r | B128: 1.2 | C128: -0.2418678 | D128: -0.21615174 | E128: -0.19724615 | F128: -0.18467403 | G128: -0.13355922 | H128: -0.093237488 | I128: -0.066878051 | J128: -0.030342873 | K128: -0.026141012 | L128: -0.014289714
...

Sheet _1_1
A1: Nmb_of_pts | B1: 150000, time_0 | C1: 0.2
A6: <Delta.v_1*Delta.v_1>
A7: t | B7: delta_t | C7: 0 | D7: 0.03 | E7: 0.05999999 | F7: 0.08999999 | G7: 0.3 | H7: 0.6 | I7: 0.9 | J7: 2 | K7: 4 | L7: 6
A8: r | B8: 0 | C8: 0 | D8: -0.014770935 | E8: -0.03033214 | F8: -0.041991657 | G8: -0.088992036 | H8: -0.12620603 | I8: -0.1572896 | J8: -0.24364802 | K8: -0.29176135 | L8: -0.3320396
A9: r | B9: 0.1 | C9: -0.039968361 | D9: -0.041775668 | E9: -0.046816165 | F9: -0.053274794 | G9: -0.091695581 | H9: -0.12817757 | I9: -0.15893635 | J9: -0.24353764 | K9: -0.29178391 | L9: -0.33240877
A10: r | B10: 0.2 | C10: -0.069764018 | D10: -0.070117674 | E10: -0.071912054 | F10: -0.074088476 | G10: -0.10007807 | H10: -0.13276825 | I10: -0.16170107 | J10: -0.24577445 | K10: -0.29272688 | L10: -0.33279714
A11: r | B11: 0.3 | C11: -0.093560306 | D11: -0.093810388 | E11: -0.094461775 | F11: -0.095600523 | G11: -0.1126389 | H11: -0.13993686 | I11: -0.16699444 | J11: -0.24747036 | K11: -0.29342684 | L11: -0.33309209
A12: r | B12: 0.4 | C12: -0.11537269 | D12: -0.11610819 | E12: -0.11636796 | F12: -0.11680612 | G12: -0.12710391 | H12: -0.15071181 | I12: -0.17489575 | J12: -0.25099476 | K12: -0.29576912 | L12: -0.33355822
A13: r | B13: 0.8 | C13: -0.18602622 | D13: -0.18565708 | E13: -0.18574596 | F13: -0.18624344 | G13: -0.18984459 | H13: -0.19975263 | I13: -0.21337907 | J13: -0.26804118 | K13: -0.30611465 | L13: -0.34184807
A14: r | B14: 1.2 | C14: -0.24325794 | D14: -0.24367374 | E14: -0.24394557 | F14: -0.24377385 | G14: -0.24589809 | H14: -0.2495736 | I14: -0.25565395 | J14: -0.28942925 | K14: -0.32177012 | L14: -0.35225299
A15: r | B15: 1.6 | C15: -0.28948091 | D15: -0.28917539 | E15: -0.28912104 | F15: -0.28944381 | G15: -0.28963693 | H15: -0.29276295 | I15: -0.29598833 | J15: -0.31469383 | K15: -0.33989933 | L15: -0.36567038
A18: <Delta.v_1*Delta.v_2>
A19: t | B19: delta_t | C19: 0 | D19: 0.03 | E19: 0.05999999 | F19: 0.08999999 | G19: 0.3 | H19: 0.6 | I19: 0.9 | J19: 2 | K19: 4 | L19: 6
A20: r | B20: 0 | C20: 0 | D20: -0.00038643064 | E20: -0.00045451755 | F20: -0.00096448347 | G20: -0.00091108639 | H20: -0.00035498613 | I20: -0.00080073559 | J20: -0.00095509076 | K20: 0.0014607902 | L20: 0.0010685864
A21: r | B21: 0.1 | C21: -0.0013235724 | D21: -0.0015108501 | E21: -0.0011790778 | F21: -0.00081052762 | G21: -0.0012659327 | H21: -0.0012608781 | I21: -0.00091476523 | J21: -0.0013511345 | K21: 0.0005538991 | L21: -4.5963073e-06
A22: r | B22: 0.2 | C22: -0.0009690787 | D22: -0.00072459322 | E22: -0.00053594211 | F22: -0.00080908774 | G22: -0.00049663527 | H22: -0.00083821416 | I22: 0.00034240646 | J22: -0.0018159126 | K22: 0.00062338368 | L22: -0.00092299007
A23: r | B23: 0.3 | C23: -0.0006230587 | D23: -0.00091424717 | E23: -0.0007633599 | F23: -0.00080922505 | G23: -0.0008033894 | H23: -0.0017420505 | I23: -0.00082758188 | J23: -0.0019003128 | K23: -0.00018748908 | L23: -0.0017069483
A24: r | B24: 0.4 | C24: 1.7647458e-05 | D24: -0.00010030656 | E24: -0.00062383654 | F24: -0.00097430022 | G24: -0.00071654657 | H24: -0.0022741624 | I24: -0.0011974238 | J24: -0.0018794971 | K24: -0.0009834603 | L24: -0.0030213997
A25: r | B25: 0.8 | C25: -0.00027626283 | D25: -2.8400591e-05 | E25: -0.00019172466 | F25: -0.00018577691 | G25: -0.00051024679 | H25: -0.00013009127 | I25: -0.00049869187 | J25: -0.00013636399 | K25: -0.0017137412 | L25: -0.0045114556
A26: r | B26: 1.2 | C26: 9.2477023e-06 | D26: -0.00059689729 | E26: -0.00069553774 | F26: -0.00082704691 | G26: -0.00022899285 | H26: -0.0013591897 | I26: -0.0015205085 | J26: -0.0015287496 | K26: -0.0056387244 | L26: -0.0080483232
A27: r | B27: 1.6 | C27: 0.0017826585 | D27: 0.0019311044 | E27: 0.0017204784 | F27: 0.0014515896 | G27: 0.0010641523 | H27: 0.00095567429 | I27: 0.00051506406 | J27: -0.0021132909 | K27: -0.0070629276 | L27: -0.0093103101
A30: <Delta.v_1*Delta.v_3>
A31: t | B31: delta_t | C31: 0 | D31: 0.03 | E31: 0.05999999 | F31: 0.08999999 | G31: 0.3 | H31: 0.6 | I31: 0.9 | J31: 2 | K31: 4 | L31: 6
A32: r | B32: 0 | C32: 0 | D32: 0.00047950438 | E32: 0.00073534103 | F32: 0.0010405326 | G32: 0.0042571202 | H32: 0.0080281756 | I32: 0.013116196 | J32: 0.016275176 | K32: 0.014798207 | L32: 0.021214766
A33: r | B33: 0.1 | C33: 0.00042723297 | D33: 0.00054265834 | E33: 0.0012327731 | F33: 0.0010047091 | G33: 0.0040582205 | H33: 0.0087551325 | I33: 0.013440736 | J33: 0.016694593 | K33: 0.015701546 | L33: 0.02123505
A34: r | B34: 0.2 | C34: -0.0004362642 | D34: -0.00018024281 | E34: 0.00052552344 | F34: 0.0010779307 | G34: 0.0050595053 | H34: 0.0098023341 | I34: 0.013552755 | J34: 0.016972407 | K34: 0.015259996 | L34: 0.022131003
A35: r | B35: 0.3 | C35: -0.0013588912 | D35: -0.00051013861 | E35: 6.181235e-05 | F35: 0.00010385235 | G35: 0.0049473676 | H35: 0.009709775 | I35: 0.013141252 | J35: 0.017559842 | K35: 0.015982709 | L35: 0.021771586
A36: r | B36: 0.4 | C36: -0.00030325443 | D36: -0.00013053082 | E36: -0.00012870797 | F36: 0.0001367035 | G36: 0.0053522757 | H36: 0.010253219 | I36: 0.013631671 | J36: 0.017609739 | K36: 0.017085501 | L36: 0.021484671
A37: r | B37: 0.8 | C37: 0.0016555991 | D37: 0.0017009228 | E37: 0.0020521487 | F37: 0.0024272345 | G37: 0.0049326079 | H37: 0.0088224176 | I37: 0.013350463 | J37: 0.016642618 | K37: 0.018002346 | L37: 0.020792633
A38: r | B38: 1.2 | C38: 0.0028116907 | D38: 0.0033615424 | E38: 0.00397467 | F38: 0.0043399115 | G38: 0.0069261846 | H38: 0.0093422467 | I38: 0.011634182 | J38: 0.016924929 | K38: 0.016677579 | L38: 0.01772256
A39: r | B39: 1.6 | C39: 0.0039038871 | D39: 0.0036880746 | E39: 0.0037609141 | F39: 0.0041343837 | G39: 0.0063337454 | H39: 0.0088292405 | I39: 0.010434406 | J39: 0.013134188 | K39: 0.014589391 | L39: 0.01560986
A42: <Delta.v_2*Delta.v_1>
A43: t | B43: delta_t | C43: 0 | D43: 0.03 | E43: 0.05999999 | F43: 0.08999999 | G43: 0.3 | H43: 0.6 | I43: 0.9 | J43: 2 | K43: 4 | L43: 6
A44: r | B44: 0 | C44: 0 | D44: -0.00013525969 | E44: -0.0003260194 | F44: -0.00075906109 | G44: 0.00042306991 | H44: -0.00052668729 | I44: 0.00067637421 | J44: -0.0017234216 | K44: -0.00031709439 | L44: 0.00068825516
A45: r | B45: 0.1 | C45: -0.00048263496 | D45: -0.0003096317 | E45: -0.00047443027 | F45: -0.00025081701 | G45: -1.2614271e-05 | H45: -0.0005407265 | I45: -0.0007588081 | J45: -0.0015911543 | K45: -0.00088810763 | L45: 0.00079780894
A46: r | B46: 0.2 | C46: -0.00010233363 | D46: 0.00034769133 | E46: 0.00037693088 | F46: 0.00058696378 | G46: 2.5886971e-05 | H46: -0.00050705928 | I46: -0.0011286889 | J46: -0.0021310593 | K46: -0.0012882806 | L46: -0.00068175626
A47: r | B47: 0.3 | C47: 0.00068552872 | D47: 0.00049407185 | E47: 0.00047157922 | F47: 0.00021141794 | G47: 6.0519094e-05 | H47: -0.0003878997 | I47: -0.0012144302 | J47: -0.0029320303 | K47: -0.0016325713 | L47: -0.0015784592
A48: r | B48: 0.4 | C48: 0.001130882 | D48: 0.0010366973 | E48: 0.0011263286 | F48: 0.00075691548 | G48: 0.00048250796 | H48: -0.000169961 | I48: -0.0016794534 | J48: -0.0030519049 | K48: -0.0010589479 | L48: -0.0028282721
A49: r | B49: 0.8 | C49: 0.00047077065 | D49: 0.00038403916 | E49: 0.00027561149 | F49: 0.00060308117 | G49: -0.00028038474 | H49: -0.00025486416 | I49: -0.00072392641 | J49: -0.0020274905 | K49: -0.0045273418 | L49: -0.0040944217
A50: r | B50: 1.2 | C50: -2.6658388e-05 | D50: 0.00022066838 | E50: 8.2291985e-05 | F50: 9.4949146e-06 | G50: -0.0013830833 | H50: -0.00058140836 | I50: -0.0014355121 | J50: -0.002436226 | K50: -0.0071380616 | L50: -0.0071877477
A51: r | B51: 1.6 | C51: -0.001626489 | D51: -0.0015733813 | E51: -0.0013990897 | F51: -0.0016635105 | G51: -0.00082872507 | H51: -0.00026899075 | I51: -0.00099695958 | J51: -0.0032886449 | K51: -0.0093440491 | L51: -0.0098820171
A54: <Delta.v_2*Delta.v_2>
A55: t | B55: delta_t | C55: 0 | D55: 0.03 | E55: 0.05999999 | F55: 0.08999999 | G55: 0.3 | H55: 0.6 | I55: 0.9 | J55: 2 | K55: 4 | L55: 6
A56: r | B56: 0 | C56: 0 | D56: -0.015025554 | E56: -0.030998883 | F56: -0.043011395 | G56: -0.090654355 | H56: -0.12842315 | I56: -0.15991929 | J56: -0.24406199 | K56: -0.29159849 | L56: -0.33432403
A57: r | B57: 0.1 | C57: -0.059692299 | D57: -0.05937235 | E57: -0.060420513 | F57: -0.06303261 | G57: -0.095891243 | H57: -0.13186098 | I57: -0.1627114 | J57: -0.24596844 | K57: -0.29168254 | L57: -0.33428951
A58: r | B58: 0.2 | C58: -0.097778512 | D58: -0.098104286 | E58: -0.097869795 | F58: -0.098501177 | G58: -0.11212244 | H58: -0.14141088 | I58: -0.16938024 | J58: -0.24820376 | K58: -0.29357892 | L58: -0.33569352
A59: r | B59: 0.3 | C59: -0.12983917 | D59: -0.12968753 | E59: -0.12966767 | F59: -0.13023204 | G59: -0.13469267 | H59: -0.15632866 | I59: -0.17902607 | J59: -0.2523635 | K59: -0.2972684 | L59: -0.33656882
A60: r | B60: 0.4 | C60: -0.15846912 | D60: -0.15864427 | E60: -0.15873968 | F60: -0.15831563 | G60: -0.16017233 | H60: -0.17310691 | I60: -0.19138305 | J60: -0.25714637 | K60: -0.29990564 | L60: -0.33843761
A61: r | B61: 0.8 | C61: -0.25112345 | D61: -0.25113298 | E61: -0.25130079 | F61: -0.25161746 | G61: -0.25288163 | H61: -0.25431058 | I61: -0.25891701 | J61: -0.28901696 | K61: -0.32309751 | L61: -0.35373919
A62: r | B62: 1.2 | C62: -0.32153055 | D62: -0.32253235 | E62: -0.32272111 | F62: -0.32235065 | G62: -0.32391346 | H62: -0.32564125 | I62: -0.32497032 | J62: -0.3314268 | K62: -0.35465675 | L62: -0.37477881
A63: r | B63: 1.6 | C63: -0.37717806 | D63: -0.37691823 | E63: -0.37679201 | F63: -0.37677451 | G63: -0.37687769 | H63: -0.3775624 | I63: -0.37854813 | J63: -0.37507228 | K63: -0.38721305 | L63: -0.39645835
A66: <Delta.v_2*Delta.v_3>
A67: t | B67: delta_t | C67: 0 | D67: 0.03 | E67: 0.05999999 | F67: 0.08999999 | G67: 0.3 | H67: 0.6 | I67: 0.9 | J67: 2 | K67: 4 | L67: 6
A68: r | B68: 0 | C68: 0 | D68: 0.00019163954 | E68: 0.00042881964 | F68: 0.00012969769 | G68: -0.00024338649 | H68: 0.00017821377 | I68: 0.00075960498 | J68: 0.0017444742 | K68: -0.00027435924 | L68: -0.0010217076
A69: r | B69: 0.1 | C69: 0.007532589 | D69: 0.0077867574 | E69: 0.0080643869 | F69: 0.0076821817 | G69: 0.0086126192 | H69: 0.0086563116 | I69: 0.0086566306 | J69: 0.0079285824 | K69: 0.006752209 | L69: 0.0082397525
A70: r | B70: 0.2 | C70: 0.015755668 | D70: 0.015659724 | E70: 0.015326139 | F70: 0.015250814 | G70: 0.016422428 | H70: 0.016310262 | I70: 0.016439559 | J70: 0.015641801 | K70: 0.013566606 | L70: 0.01572964
A71: r | B71: 0.3 | C71: 0.024202384 | D71: 0.023906153 | E71: 0.023536813 | F71: 0.024002484 | G71: 0.024496507 | H71: 0.023749469 | I71: 0.024160863 | J71: 0.022683971 | K71: 0.019858783 | L71: 0.023300985
A72: r | B72: 0.4 | C72: 0.031389465 | D72: 0.031762944 | E72: 0.031987861 | F72: 0.031769631 | G72: 0.031165762 | H72: 0.031867044 | I72: 0.031050304 | J72: 0.02953733 | K72: 0.026254458 | L72: 0.031365047
A73: r | B73: 0.8 | C73: 0.056601057 | D73: 0.056134036 | E73: 0.055615759 | F73: 0.055163532 | G73: 0.055471123 | H73: 0.053961121 | I73: 0.054351234 | J73: 0.052517741 | K73: 0.049445271 | L73: 0.055859548
A74: r | B74: 1.2 | C74: 0.072039879 | D74: 0.07164541 | E74: 0.071075269 | F74: 0.07103571 | G74: 0.07038615 | H74: 0.070250832 | I74: 0.069252126 | J74: 0.068541338 | K74: 0.066519552 | L74: 0.071282219
A75: r | B75: 1.6 | C75: 0.077123767 | D75: 0.076870157 | E75: 0.076821315 | F75: 0.07671161 | G75: 0.0770668 | H75: 0.075509249 | I75: 0.074585995 | J75: 0.074565099 | K75: 0.073348614 | L75: 0.076584676
A78: <Delta.v_3*Delta.v_1>
A79: t | B79: delta_t | C79: 0 | D79: 0.03 | E79: 0.05999999 | F79: 0.08999999 | G79: 0.3 | H79: 0.6 | I79: 0.9 | J79: 2 | K79: 4 | L79: 6
A80: r | B80: 0 | C80: 0 | D80: -0.00028099164 | E80: -0.00086854268 | F80: -0.0013850346 | G80: -0.003597656 | H80: -0.0082769482 | I80: -0.012122439 | J80: -0.015032377 | K80: -0.01632813 | L80: -0.021640481
A81: r | B81: 0.1 | C81: 1.4595971e-05 | D81: -0.00012443626 | E81: -0.00036013051 | F81: -0.0011867278 | G81: -0.0033197656 | H81: -0.0082722951 | I81: -0.011986219 | J81: -0.014902591 | K81: -0.016861237 | L81: -0.021733095
A82: r | B82: 0.2 | C82: 0.00065638355 | D82: 0.00072998067 | E82: -0.00052655584 | F82: -0.0010792052 | G82: -0.0037719878 | H82: -0.0087596542 | I82: -0.0125124 | J82: -0.014631551 | K82: -0.016771655 | L82: -0.021369032
A83: r | B83: 0.3 | C83: 0.00044630343 | D83: 0.00034988096 | E83: -0.000581442 | F83: -0.0011647289 | G83: -0.003976048 | H83: -0.0087653989 | I83: -0.012461115 | J83: -0.015104837 | K83: -0.017185266 | L83: -0.021152003
A84: r | B84: 0.4 | C84: 0.00071900193 | D84: 0.00051405409 | E84: 0.00050800748 | F84: -1.4612152e-05 | G84: -0.0032667881 | H84: -0.0079390919 | I84: -0.010986588 | J84: -0.013577947 | K84: -0.016671284 | L84: -0.020669053
A85: r | B85: 0.8 | C85: 0.0017069519 | D85: 0.001804505 | E85: 0.0016965609 | F85: 0.0012381698 | G85: -0.0008291224 | H85: -0.0034859584 | I85: -0.007093377 | J85: -0.014497425 | K85: -0.015382735 | L85: -0.019142422
A86: r | B86: 1.2 | C86: 0.0026492587 | D86: 0.0022261897 | E86: 0.0022637285 | F86: 0.0019722686 | G86: 0.00086578041 | H86: -0.002313537 | I86: -0.0051777153 | J86: -0.011732125 | K86: -0.014264655 | L86: -0.016529963
A87: r | B87: 1.6 | C87: 0.0037344095 | D87: 0.0027848983 | E87: 0.0027353732 | F87: 0.0022330769 | G87: 0.0017663093 | H87: -0.0010814473 | I87: -0.003014069 | J87: -0.010268246 | K87: -0.013122109 | L87: -0.01233469
A90: <Delta.v_3*Delta.v_2>
A91: t | B91: delta_t | C91: 0 | D91: 0.03 | E91: 0.05999999 | F91: 0.08999999 | G91: 0.3 | H91: 0.6 | I91: 0.9 | J91: 2 | K91: 4 | L91: 6
A92: r | B92: 0 | C92: 0 | D92: 0.0001272949 | E92: -0.00014617181 | F92: -0.00012902837 | G92: -0.00065567366 | H92: -0.00049905619 | I92: -0.0002391532 | J92: -0.0001652104 | K92: -0.0013608308 | L92: -0.0019451165
A93: r | B93: 0.1 | C93: -0.0082851387 | D93: -0.008611958 | E93: -0.0091635607 | F93: -0.009603175 | G93: -0.0094121797 | H93: -0.0085278322 | I93: -0.0080726942 | J93: -0.0095538155 | K93: -0.0096339985 | L93: -0.0069414663
A94: r | B94: 0.2 | C94: -0.016876024 | D94: -0.01642429 | E94: -0.016435155 | F94: -0.017366363 | G94: -0.017900101 | H94: -0.016273679 | I94: -0.016241985 | J94: -0.018304595 | K94: -0.017402388 | L94: -0.012087509
A95: r | B95: 0.3 | C95: -0.024640514 | D95: -0.024246404 | E95: -0.024193962 | F95: -0.02451455 | G95: -0.025760299 | H95: -0.02465801 | I95: -0.023878322 | J95: -0.025833672 | K95: -0.0256707 | L95: -0.018351201
A96: r | B96: 0.4 | C96: -0.031981327 | D96: -0.032017208 | E96: -0.0320976 | F96: -0.031684788 | G96: -0.032765913 | H96: -0.032609573 | I96: -0.031269403 | J96: -0.03394996 | K96: -0.033055463 | L96: -0.023730136
A97: r | B97: 0.8 | C97: -0.0561303 | D97: -0.055951121 | E97: -0.0559389 | F97: -0.056137155 | G97: -0.05700679 | H97: -0.057178885 | I97: -0.059108965 | J97: -0.061427754 | K97: -0.059940669 | L97: -0.040967219
A98: r | B98: 1.2 | C98: -0.072517747 | D98: -0.072097288 | E98: -0.072435715 | F98: -0.072067131 | G98: -0.071633913 | H98: -0.073746705 | I98: -0.074396943 | J98: -0.078909468 | K98: -0.080374001 | L98: -0.05380466
A99: r | B99: 1.6 | C99: -0.076987616 | D99: -0.07702491 | E99: -0.077383238 | F99: -0.077636245 | G99: -0.077988292 | H99: -0.077535083 | I99: -0.079979814 | J99: -0.084219743 | K99: -0.088601322 | L99: -0.061107363
A102: <Delta.v_3*Delta.v_3>
A103: t | B103: delta_t | C103: 0 | D103: 0.03 | E103: 0.05999999 | F103: 0.08999999 | G103: 0.3 | H103: 0.6 | I103: 0.9 | J103: 2 | K103: 4 | L103: 6
A104: r | B104: 0 | C104: 0 | D104: -0.014816127 | E104: -0.030283558 | F104: -0.042110317 | G104: -0.088836726 | H104: -0.12583412 | I104: -0.15687494 | J104: -0.25855592 | K104: -0.34372487 | L104: -0.39275809
A105: r | B105: 0.1 | C105: -0.058488593 | D105: -0.059229079 | E105: -0.059916351 | F105: -0.062295985 | G105: -0.094675613 | H105: -0.12928437 | I105: -0.1592445 | J105: -0.26028026 | K105: -0.34397313 | L105: -0.39288486
A106: r | B106: 0.2 | C106: -0.098844071 | D106: -0.098255891 | E106: -0.098106811 | F106: -0.098424467 | G106: -0.11189141 | H106: -0.14010618 | I106: -0.16717605 | J106: -0.26254845 | K106: -0.34541309 | L106: -0.39305277
A107: r | B107: 0.3 | C107: -0.13174654 | D107: -0.13138332 | E107: -0.13094039 | F107: -0.13084172 | G107: -0.13581589 | H107: -0.15590307 | I107: -0.18123961 | J107: -0.26910478 | K107: -0.3489009 | L107: -0.39498036
A108: r | B108: 0.4 | C108: -0.16059532 | D108: -0.16062874 | E108: -0.16065306 | F108: -0.16106153 | G108: -0.16307054 | H108: -0.17652531 | I108: -0.19655553 | J108: -0.27689152 | K108: -0.35280565 | L108: -0.39831356
A109: r | B109: 0.8 | C109: -0.26680974 | D109: -0.26712567 | E109: -0.26732316 | F109: -0.26713124 | G109: -0.26755612 | H109: -0.27028614 | I109: -0.27671284 | J109: -0.32109969 | K109: -0.38213984 | L109: -0.41771192
A110: r | B110: 1.2 | C110: -0.35379234 | D110: -0.35389792 | E110: -0.35398557 | F110: -0.35426713 | G110: -0.35611578 | H110: -0.35800779 | I110: -0.36065563 | J110: -0.37739555 | K110: -0.42131891 | L110: -0.44347497
A111: r | B111: 1.6 | C111: -0.42499363 | D111: -0.42558041 | E111: -0.42554948 | F111: -0.42573489 | G111: -0.42629697 | H111: -0.42780191 | I111: -0.42866184 | J111: -0.43210949 | K111: -0.45802509 | L111: -0.46865234
A120: <delta_t.v_1*delta_t.v_1>
A121: t | B121: delta_t | C121: 0 | D121: 0.03 | E121: 0.05999999 | F121: 0.08999999 | G121: 0.3 | H121: 0.6 | I121: 0.9 | J121: 2 | K121: 4 | L121: 6
A122: r | B122: 0 | C122: 0 | D122: 0 | E122: 0 | F122: 0 | G122: 0 | H122: 0 | I122: 0 | J122: 0 | K122: 0 | L122: 0 | N122: =C121 -> 0 | O122: =D121 -> 0.03 | P122: =E121 -> 0.05999999 | Q122: =F121 -> 0.08999999 | R122: =G121 -> 0.3 | S122: =H121 -> 0.6 | T122: =I121 -> 0.9 | U122: =J121 -> 2 | ... W122: =L121 -> 6
A123: r | B123: 0.1 | C123: -0.039968361 | D123: -0.027004733 | E123: -0.016484026 | F123: -0.011283137 | G123: -0.002703545 | H123: -0.0019715369 | I123: -0.0016467449 | J123: 0.00011038223 | K123: -2.2562607e-05 | L123: -0.00036917386 | N123: =(_1_1!C123+_2_1!C123+_3_1!C123)/(_1_1!$C123+_2_1!$C123+_3_1!$C123) -> 1 | O123: =(_1_1!D123+_2_1!D123+_3_1!D123)/(_1_1!$C123+_2_1!$C123+_3_1!$C123) -> 0.6728238 | P123: =(_1_1!E123+_2_1!E123+_3_1!E123)/(_1_1!$C123+_2_1!$C123+_3_1!$C123) -> 0.40185353 | Q123: =(_1_1!F123+_2_1!F123+_3_1!F123)/(_1_1!$C123+_2_1!$C123+_3_1!$C123) -> 0.26749458 | R123: =(_1_1!G123+_2_1!G123+_3_1!G123)/(_1_1!$C123+_2_1!$C123+_3_1!$C123) -> 0.071272589 | S123: =(_1_1!H123+_2_1!H123+_3_1!H123)/(_1_1!$C123+_2_1!$C123+_3_1!$C123) -> 0.059853168 | T123: =(_1_1!I123+_2_1!I123+_3_1!I123)/(_1_1!$C123+_2_1!$C123+_3_1!$C123) -> 0.02740771 | U123: =(_1_1!J123+_2_1!J123+_3_1!J123)/(_1_1!$C123+_2_1!$C123+_3_1!$C123) -> 0.0068716339 | ... W123: =(_1_1!L123+_2_1!L123+_3_1!L123)/(_1_1!$C123+_2_1!$C123+_3_1!$C123) -> 0.00089127183
A124: r | B124: 0.2 | C124: -0.069764018 | D124: -0.055346739 | E124: -0.041579914 | F124: -0.032096819 | G124: -0.011086035 | H124: -0.0065622188 | I124: -0.0044114626 | J124: -0.0021264291 | K124: -0.00096553525 | L124: -0.00075754398 | N124: =(_1_1!C124+_2_1!C124+_3_1!C124)/(_1_1!$C124+_2_1!$C124+_3_1!$C124) -> 1 | O124: =(_1_1!D124+_2_1!D124+_3_1!D124)/(_1_1!$C124+_2_1!$C124+_3_1!$C124) -> 0.79434197 | P124: =(_1_1!E124+_2_1!E124+_3_1!E124)/(_1_1!$C124+_2_1!$C124+_3_1!$C124) -> 0.58934008 | Q124: =(_1_1!F124+_2_1!F124+_3_1!F124)/(_1_1!$C124+_2_1!$C124+_3_1!$C124) -> 0.45459158 | R124: =(_1_1!G124+_2_1!G124+_3_1!G124)/(_1_1!$C124+_2_1!$C124+_3_1!$C124) -> 0.15692686 | S124: =(_1_1!H124+_2_1!H124+_3_1!H124)/(_1_1!$C124+_2_1!$C124+_3_1!$C124) -> 0.099034915 | T124: =(_1_1!I124+_2_1!I124+_3_1!I124)/(_1_1!$C124+_2_1!$C124+_3_1!$C124) -> 0.067380021 | U124: =(_1_1!J124+_2_1!J124+_3_1!J124)/(_1_1!$C124+_2_1!$C124+_3_1!$C124) -> 0.032037358 | ... W124: =(_1_1!L124+_2_1!L124+_3_1!L124)/(_1_1!$C124+_2_1!$C124+_3_1!$C124) -> 0.01357708
A125: r | B125: 0.3 | C125: -0.093560306 | D125: -0.079039453 | E125: -0.064129636 | F125: -0.053608866 | G125: -0.023646867 | H125: -0.013730821 | I125: -0.0097048408 | J125: -0.0038223405 | K125: -0.0016654897 | L125: -0.0010524974 | N125: =(_1_1!C125+_2_1!C125+_3_1!C125)/(_1_1!$C125+_2_1!$C125+_3_1!$C125) -> 1 | O125: =(_1_1!D125+_2_1!D125+_3_1!D125)/(_1_1!$C125+_2_1!$C125+_3_1!$C125) -> 0.84256922 | P125: =(_1_1!E125+_2_1!E125+_3_1!E125)/(_1_1!$C125+_2_1!$C125+_3_1!$C125) -> 0.68290845 | Q125: =(_1_1!F125+_2_1!F125+_3_1!F125)/(_1_1!$C125+_2_1!$C125+_3_1!$C125) -> 0.57164773 | R125: =(_1_1!G125+_2_1!G125+_3_1!G125)/(_1_1!$C125+_2_1!$C125+_3_1!$C125) -> 0.24876221 | S125: =(_1_1!H125+_2_1!H125+_3_1!H125)/(_1_1!$C125+_2_1!$C125+_3_1!$C125) -> 0.15090238 | T125: =(_1_1!I125+_2_1!I125+_3_1!I125)/(_1_1!$C125+_2_1!$C125+_3_1!$C125) -> 0.10904683 | U125: =(_1_1!J125+_2_1!J125+_3_1!J125)/(_1_1!$C125+_2_1!$C125+_3_1!$C125) -> 0.044264821 | ... W125: =(_1_1!L125+_2_1!L125+_3_1!L125)/(_1_1!$C125+_2_1!$C125+_3_1!$C125) -> 0.016903082
A126: r | B126: 0.4 | C126: -0.11537269 | D126: -0.10133725 | E126: -0.086035818 | F126: -0.074814462 | G126: -0.038111875 | H126: -0.024505777 | I126: -0.017606147 | J126: -0.0073467403 | K126: -0.0040077706 | L126: -0.0015186263 | N126: =(_1_1!C126+_2_1!C126+_3_1!C126)/(_1_1!$C126+_2_1!$C126+_3_1!$C126) -> 1 | O126: =(_1_1!D126+_2_1!D126+_3_1!D126)/(_1_1!$C126+_2_1!$C126+_3_1!$C126) -> 0.8718769 | P126: =(_1_1!E126+_2_1!E126+_3_1!E126)/(_1_1!$C126+_2_1!$C126+_3_1!$C126) -> 0.73850002 | Q126: =(_1_1!F126+_2_1!F126+_3_1!F126)/(_1_1!$C126+_2_1!$C126+_3_1!$C126) -> 0.64264326 | R126: =(_1_1!G126+_2_1!G126+_3_1!G126)/(_1_1!$C126+_2_1!$C126+_3_1!$C126) -> 0.32717521 | S126: =(_1_1!H126+_2_1!H126+_3_1!H126)/(_1_1!$C126+_2_1!$C126+_3_1!$C126) -> 0.20872182 | T126: =(_1_1!I126+_2_1!I126+_3_1!I126)/(_1_1!$C126+_2_1!$C126+_3_1!$C126) -> 0.15034186 | U126: =(_1_1!J126+_2_1!J126+_3_1!J126)/(_1_1!$C126+_2_1!$C126+_3_1!$C126) -> 0.064399192 | ... W126: =(_1_1!L126+_2_1!L126+_3_1!L126)/(_1_1!$C126+_2_1!$C126+_3_1!$C126) -> 0.022996285
A127: r | B127: 0.8 | C127: -0.18602622 | D127: -0.17088615 | E127: -0.15541382 | F127: -0.14425178 | G127: -0.10085256 | H127: -0.073546592 | I127: -0.056089471 | J127: -0.024393155 | K127: -0.014353302 | L127: -0.0098084722 | N127: =(_1_1!C127+_2_1!C127+_3_1!C127)/(_1_1!$C127+_2_1!$C127+_3_1!$C127) -> 1 | O127: =(_1_1!D127+_2_1!D127+_3_1!D127)/(_1_1!$C127+_2_1!$C127+_3_1!$C127) -> 0.91791752 | P127: =(_1_1!E127+_2_1!E127+_3_1!E127)/(_1_1!$C127+_2_1!$C127+_3_1!$C127) -> 0.83420982 | Q127: =(_1_1!F127+_2_1!F127+_3_1!F127)/(_1_1!$C127+_2_1!$C127+_3_1!$C127) -> 0.7726359 | R127: =(_1_1!G127+_2_1!G127+_3_1!G127)/(_1_1!$C127+_2_1!$C127+_3_1!$C127) -> 0.5394074 | S127: =(_1_1!H127+_2_1!H127+_3_1!H127)/(_1_1!$C127+_2_1!$C127+_3_1!$C127) -> 0.38885582 | T127: =(_1_1!I127+_2_1!I127+_3_1!I127)/(_1_1!$C127+_2_1!$C127+_3_1!$C127) -> 0.29795489 | U127: =(_1_1!J127+_2_1!J127+_3_1!J127)/(_1_1!$C127+_2_1!$C127+_3_1!$C127) -> 0.13589981 | ... W127: =(_1_1!L127+_2_1!L127+_3_1!L127)/(_1_1!$C127+_2_1!$C127+_3_1!$C127) -> 0.059394463
A128: r | B128: 1.2 | C128: -0.24325794 | D128: -0.2289028 | E128: -0.21361343 | F128: -0.20178219 | G128: -0.15690606 | H128: -0.12336757 | I128: -0.098364351 | J128: -0.045781226 | K128: -0.030008768 | L128: -0.02021339 | N128: =(_1_1!C128+_2_1!C128+_3_1!C128)/(_1_1!$C128+_2_1!$C128+_3_1!$C128) -> 1 | O128: =(_1_1!D128+_2_1!D128+_3_1!D128)/(_1_1!$C128+_2_1!$C128+_3_1!$C128) -> 0.93879927 | P128: =(_1_1!E128+_2_1!E128+_3_1!E128)/(_1_1!$C128+_2_1!$C128+_3_1!$C128) -> 0.87430559 | Q128: =(_1_1!F128+_2_1!F128+_3_1!F128)/(_1_1!$C128+_2_1!$C128+_3_1!$C128) -> 0.82642328 | R128: =(_1_1!G128+_2_1!G128+_3_1!G128)/(_1_1!$C128+_2_1!$C128+_3_1!$C128) -> 0.64402122 | S128: =(_1_1!H128+_2_1!H128+_3_1!H128)/(_1_1!$C128+_2_1!$C128+_3_1!$C128) -> 0.50422435 | T128: =(_1_1!I128+_2_1!I128+_3_1!I128)/(_1_1!$C128+_2_1!$C128+_3_1!$C128) -> 0.40632052 | U128: =(_1_1!J128+_2_1!J128+_3_1!J128)/(_1_1!$C128+_2_1!$C128+_3_1!$C128) -> 0.19358304 | ... W128: =(_1_1!L128+_2_1!L128+_3_1!L128)/(_1_1!$C128+_2_1!$C128+_3_1!$C128) -> 0.091499454
...

Sheet _2_1
A1: Nmb_of_pts | B1: 150000, time_0 | C1: 0.2
A6: <Delta.v_1*Delta.v_1>
A7: t | B7: delta_t | C7: 0 | D7: 0.03 | E7: 0.05999999 | F7: 0.08999999 | G7: 0.3 | H7: 0.6 | I7: 0.9 | J7: 2 | K7: 4 | L7: 6
A8: r | B8: 0 | C8: 0 | D8: -0.015665235 | E8: -0.031613133 | F8: -0.042941719 | G8: -0.088992091 | H8: -0.12642095 | I8: -0.15674157 | J8: -0.24143126 | K8: -0.2865481 | L8: -0.32791143
A9: r | B9: 0.1 | C9: -0.040750606 | D9: -0.043098435 | E9: -0.048095937 | F9: -0.05376751 | G9: -0.092146346 | H9: -0.1288555 | I9: -0.15736457 | J9: -0.24173972 | K9: -0.28687106 | L9: -0.32855963
A10: r | B10: 0.2 | C10: -0.071327322 | D10: -0.071747892 | E10: -0.073341928 | F10: -0.075382381 | G10: -0.10035611 | H10: -0.13383946 | I10: -0.16131022 | J10: -0.24332919 | K10: -0.28858589 | L10: -0.32955113
A11: r | B11: 0.3 | C11: -0.094755615 | D11: -0.095030404 | E11: -0.096060495 | F11: -0.09697528 | G11: -0.11316404 | H11: -0.14085897 | I11: -0.16705437 | J11: -0.244888 | K11: -0.28965985 | L11: -0.33044469
A12: r | B12: 0.4 | C12: -0.11629729 | D12: -0.11643731 | E12: -0.1173824 | F12: -0.11759275 | G12: -0.12713857 | H12: -0.15022158 | I12: -0.17344181 | J12: -0.24780047 | K12: -0.2912511 | L12: -0.33138548
A13: r | B13: 0.8 | C13: -0.18540033 | D13: -0.18525661 | E13: -0.18572996 | F13: -0.18571081 | G13: -0.18988776 | H13: -0.19751062 | I13: -0.21076724 | J13: -0.26560275 | K13: -0.30181354 | L13: -0.34033954
A14: r | B14: 1.2 | C14: -0.24201075 | D14: -0.24208514 | E14: -0.24248277 | F14: -0.24207329 | G14: -0.24383833 | H14: -0.24726327 | I14: -0.25379329 | J14: -0.28703707 | K14: -0.31832728 | L14: -0.35221859
A15: r | B15: 1.6 | C15: -0.28723746 | D15: -0.28703577 | E15: -0.28700081 | F15: -0.28692728 | G15: -0.28835328 | H15: -0.29026812 | I15: -0.29396477 | J15: -0.3116576 | K15: -0.3358578 | L15: -0.36508559
A18: <Delta.v_1*Delta.v_2>
A19: t | B19: delta_t | C19: 0 | D19: 0.03 | E19: 0.05999999 | F19: 0.08999999 | G19: 0.3 | H19: 0.6 | I19: 0.9 | J19: 2 | K19: 4 | L19: 6
A20: r | B20: 0 | C20: 0 | D20: 0.00012368264 | E20: 0.00078854418 | F20: 0.0010412637 | G20: 0.00014541177 | H20: 4.0354802e-06 | I20: 5.3361363e-05 | J20: 0.0013324876 | K20: -0.0023746974 | L20: 0.00079802591
A21: r | B21: 0.1 | C21: 0.0011111972 | D21: 0.0012178689 | E21: 0.00073529662 | F21: 0.00060381805 | G21: 0.00026757711 | H21: 0.00086047298 | I21: 0.00088577461 | J21: 0.002005168 | K21: -0.0014484758 | L21: -2.124619e-05
A22: r | B22: 0.2 | C22: 0.0013451325 | D22: 0.001076756 | E22: 0.0013004025 | F22: 0.0012754412 | G22: 0.00035799724 | H22: 0.00057668514 | I22: 0.00088324355 | J22: 0.0010676484 | K22: -0.0012363424 | L22: -0.00068427126
A23: r | B23: 0.3 | C23: 0.00078311622 | D23: 0.00084623325 | E23: 0.00054145074 | F23: 0.00011263363 | G23: 0.00024174611 | H23: 0.00020182536 | I23: 0.00079540903 | J23: 0.00030520615 | K23: -0.0012629138 | L23: -0.0021188367
A24: r | B24: 0.4 | C24: 0.00040967015 | D24: 0.00028152289 | E24: -0.0002708648 | F24: 0.00042614559 | G24: 0.00044652668 | H24: 0.00060815401 | I24: -0.00012860777 | J24: 3.7971988e-05 | K24: -0.0016377201 | L24: -0.0034247541
A25: r | B25: 0.8 | C25: 0.00076632883 | D25: 0.00045782014 | E25: 0.00011227689 | F25: 0.00016678795 | G25: -0.00025619734 | H25: -0.00065258162 | I25: 0.00053792493 | J25: 0.0012469643 | K25: -0.0025863061 | L25: -0.0065808498
A26: r | B26: 1.2 | C26: 0.00017685139 | D26: 0.00071040628 | E26: 0.00037626396 | F26: 0.00046496111 | G26: 0.00014938325 | H26: 0.00027718397 | I26: 0.00056869072 | J26: -0.0015151709 | K26: -0.0043913963 | L26: -0.0096146131
A27: r | B27: 1.6 | C27: -0.0011282306 | D27: -0.0011706808 | E27: -0.0007922657 | F27: -0.0002991945 | G27: 0.00011493415 | H27: 0.00041982353 | I27: -0.00045818569 | J27: -0.0026378136 | K27: -0.0077176283 | L27: -0.011967226
A30: <Delta.v_1*Delta.v_3>
A31: t | B31: delta_t | C31: 0 | D31: 0.03 | E31: 0.05999999 | F31: 0.08999999 | G31: 0.3 | H31: 0.6 | I31: 0.9 | J31: 2 | K31: 4 | L31: 6
A32: r | B32: 0 | C32: 0 | D32: 0.00043865405 | E32: 0.00012294465 | F32: 7.6003852e-05 | G32: 0.0027008324 | H32: 0.0066836111 | I32: 0.013333267 | J32: 0.015000279 | K32: 0.014978446 | L32: 0.01899007
A33: r | B33: 0.1 | C33: -0.00025293988 | D33: -0.00021504669 | E33: 5.7085267e-05 | F33: 0.00059529403 | G33: 0.0026502537 | H33: 0.0074776281 | I33: 0.012648189 | J33: 0.015617302 | K33: 0.014236505 | L33: 0.018448062
A34: r | B34: 0.2 | C34: -0.00045730407 | D34: -1.7820916e-05 | E34: 0.0003880843 | F34: 0.00037311187 | G34: 0.0026197185 | H34: 0.0075810258 | I34: 0.013161389 | J34: 0.016407252 | K34: 0.015810751 | L34: 0.017756203
A35: r | B35: 0.3 | C35: -0.00041088362 | D35: -0.00036211783 | E35: -0.00015717875 | F35: -4.7159889e-05 | G35: 0.0030942138 | H35: 0.0071526562 | I35: 0.011583923 | J35: 0.016494651 | K35: 0.016230162 | L35: 0.018123813
A36: r | B36: 0.4 | C36: -0.00036373654 | D36: -2.703223e-06 | E36: 0.00019161781 | F36: 0.00093789083 | G36: 0.0027106937 | H36: 0.0078359325 | I36: 0.011721039 | J36: 0.015895148 | K36: 0.016328431 | L36: 0.01892528
A37: r | B37: 0.8 | C37: 0.00037685448 | D37: 0.00071789193 | E37: 0.0015354513 | F37: 0.0024354003 | G37: 0.0041472738 | H37: 0.0065464205 | I37: 0.010874519 | J37: 0.015018335 | K37: 0.015262287 | L37: 0.017888937
A38: r | B38: 1.2 | C38: 0.00057160852 | D38: 0.0011307539 | E38: 0.0020884206 | F38: 0.0021792151 | G38: 0.0040213644 | H38: 0.0070280511 | I38: 0.0092063577 | J38: 0.01441969 | K38: 0.012367874 | L38: 0.01645787
A39: r | B39: 1.6 | C39: 0.0020939685 | D39: 0.0023364119 | E39: 0.0024066264 | F39: 0.0027500975 | G39: 0.0045209274 | H39: 0.0061537428 | I39: 0.0088288925 | J39: 0.011767959 | K39: 0.010263285 | L39: 0.012349838
A42: <Delta.v_2*Delta.v_1>
A43: t | B43: delta_t | C43: 0 | D43: 0.03 | E43: 0.05999999 | F43: 0.08999999 | G43: 0.3 | H43: 0.6 | I43: 0.9 | J43: 2 | K43: 4 | L43: 6
A44: r | B44: 0 | C44: 0 | D44: -0.00053142109 | E44: -0.00049153108 | F44: -0.00022055235 | G44: -0.0011473899 | H44: -0.00013623929 | I44: 0.00043620141 | J44: -3.9244091e-05 | K44: -0.00034099096 | L44: 0.00015707105
A45: r | B45: 0.1 | C45: 8.4804698e-05 | D45: -5.3027532e-05 | E45: -0.00017808733 | F45: -0.00044797533 | G45: -0.0007238235 | H45: 6.6059472e-05 | I45: 0.00091047345 | J45: -0.00028325011 | K45: -0.0010043244 | L45: -0.00081234877
A46: r | B46: 0.2 | C46: 0.00021079145 | D46: 0.0004461582 | E46: 0.00046780772 | F46: 0.0003081602 | G46: -0.0002338989 | H46: 0.00015374957 | I46: 0.0010963096 | J46: -0.00074099716 | K46: -0.0011569113 | L46: -0.0018033902
A47: r | B47: 0.3 | C47: 0.00091968948 | D47: 0.0011135642 | E47: 0.00097477652 | F47: 0.00026921718 | G47: 0.00036891585 | H47: 0.00021382688 | I47: 0.00060511598 | J47: -0.00046909977 | K47: -0.0020915113 | L47: -0.0029750365
A48: r | B48: 0.4 | C48: 0.0014046888 | D48: 0.0014148449 | E48: 0.0016257825 | F48: 0.0014999923 | G48: 0.00064141873 | H48: -0.00051141659 | I48: 0.00070819019 | J48: -0.00089896464 | K48: -0.0029168628 | L48: -0.0046024423
A49: r | B49: 0.8 | C49: 0.0007114079 | D49: 0.00079797302 | E49: 0.0010543428 | F49: 0.0014017569 | G49: 0.001694562 | H49: 6.8037985e-05 | I49: -0.00034377959 | J49: -0.0018918393 | K49: -0.0042358817 | L49: -0.0065896455
A50: r | B50: 1.2 | C50: 0.00086826094 | D50: 0.00050361325 | E50: 0.00089822901 | F50: 0.0013768812 | G50: 0.00064282027 | H50: -0.00030927414 | I50: -0.00099082355 | J50: -0.0023692973 | K50: -0.0072558125 | L50: -0.0094063248
A51: r | B51: 1.6 | C51: 0.00061631951 | D51: 0.00036245802 | E51: 0.00020827505 | F51: -0.00048080052 | G51: 0.00045444096 | H51: 0.00026852833 | I51: -0.0013002365 | J51: -0.0039726325 | K51: -0.0097588881 | L51: -0.012444079
A54: <Delta.v_2*Delta.v_2>
A55: t | B55: delta_t | C55: 0 | D55: 0.03 | E55: 0.05999999 | F55: 0.08999999 | G55: 0.3 | H55: 0.6 | I55: 0.9 | J55: 2 | K55: 4 | L55: 6
A56: r | B56: 0 | C56: 0 | D56: -0.015004875 | E56: -0.030670329 | F56: -0.043275569 | G56: -0.089876329 | H56: -0.12768392 | I56: -0.15752779 | J56: -0.24363651 | K56: -0.29052563 | L56: -0.3319055
A57: r | B57: 0.1 | C57: -0.059524443 | D57: -0.059439539 | E57: -0.059827803 | F57: -0.062591121 | G57: -0.095547768 | H57: -0.13038476 | I57: -0.15998673 | J57: -0.24480193 | K57: -0.29145262 | L57: -0.33247546
A58: r | B58: 0.2 | C58: -0.097129861 | D58: -0.09728326 | E58: -0.0968699 | F58: -0.097125306 | G58: -0.11197529 | H58: -0.13911832 | I58: -0.16702007 | J58: -0.24698874 | K58: -0.29234431 | L58: -0.33166804
A59: r | B59: 0.3 | C59: -0.12880299 | D59: -0.12879569 | E59: -0.12869801 | F59: -0.1291961 | G59: -0.13393165 | H59: -0.1539972 | I59: -0.17627536 | J59: -0.2511857 | K59: -0.29377135 | L59: -0.33283147
A60: r | B60: 0.4 | C60: -0.15781786 | D60: -0.15773221 | E60: -0.15690283 | F60: -0.15693435 | G60: -0.15869618 | H60: -0.17239167 | I60: -0.1901114 | J60: -0.25620967 | K60: -0.29780916 | L60: -0.33488764
A61: r | B61: 0.8 | C61: -0.24902309 | D61: -0.24897787 | E61: -0.24862409 | F61: -0.24825964 | G61: -0.24894356 | H61: -0.25156572 | I61: -0.25547383 | J61: -0.28742103 | K61: -0.32280432 | L61: -0.34973088
A62: r | B62: 1.2 | C62: -0.31928763 | D62: -0.319296 | E62: -0.31943839 | F62: -0.31963459 | G62: -0.3192288 | H62: -0.31919047 | I62: -0.32082735 | J62: -0.32669903 | K62: -0.35309546 | L62: -0.37329719
A63: r | B63: 1.6 | C63: -0.37454723 | D63: -0.37456047 | E63: -0.37472225 | F63: -0.37489259 | G63: -0.37604436 | H63: -0.37605801 | I63: -0.37528345 | J63: -0.37262275 | K63: -0.38738326 | L63: -0.39640879
A66: <Delta.v_2*Delta.v_3>
A67: t | B67: delta_t | C67: 0 | D67: 0.03 | E67: 0.05999999 | F67: 0.08999999 | G67: 0.3 | H67: 0.6 | I67: 0.9 | J67: 2 | K67: 4 | L67: 6
A68: r | B68: 0 | C68: 0 | D68: 0.00019912123 | E68: 0.00033288136 | F68: 0.00058118622 | G68: -0.0012581681 | H68: -0.001885834 | I68: -0.0016469231 | J68: -0.00019119598 | K68: 0.00012185979 | L68: -0.001490639
A69: r | B69: 0.1 | C69: 0.0093642764 | D69: 0.0090760043 | E69: 0.0088370161 | F69: 0.0085790143 | G69: 0.0075927594 | H69: 0.0065571451 | I69: 0.0061028382 | J69: 0.0064258776 | K69: 0.0063588972 | L69: 0.007355911
A70: r | B70: 0.2 | C70: 0.01690472 | D70: 0.017116134 | E70: 0.01690521 | F70: 0.016401843 | G70: 0.016245246 | H70: 0.013862084 | I70: 0.013921645 | J70: 0.013174526 | K70: 0.014190298 | L70: 0.015496158
A71: r | B71: 0.3 | C71: 0.023539888 | D71: 0.02369777 | E71: 0.023754572 | F71: 0.023607695 | G71: 0.023328146 | H71: 0.021738314 | I71: 0.021451335 | J71: 0.019934943 | K71: 0.019851962 | L71: 0.023205465
A72: r | B72: 0.4 | C72: 0.030266627 | D72: 0.030134545 | E72: 0.029935173 | F72: 0.02949518 | G72: 0.029785972 | H72: 0.028829326 | I72: 0.028831684 | J72: 0.025256351 | K72: 0.026809179 | L72: 0.030526502
A73: r | B73: 0.8 | C73: 0.055516051 | D73: 0.054757192 | E73: 0.054244455 | F73: 0.054546518 | G73: 0.054183044 | H73: 0.054457593 | I73: 0.054594843 | J73: 0.050216075 | K73: 0.049210718 | L73: 0.056467722
A74: r | B74: 1.2 | C74: 0.071984063 | D74: 0.071884676 | E74: 0.071517917 | F74: 0.071491643 | G74: 0.071549206 | H74: 0.0712366 | I74: 0.069718924 | J74: 0.06800817 | K74: 0.065224822 | L74: 0.071225134
A75: r | B75: 1.6 | C75: 0.077895002 | D75: 0.07802619 | E75: 0.078162787 | F75: 0.078073295 | G75: 0.078772751 | H75: 0.077199587 | I75: 0.075659781 | J75: 0.075117952 | K75: 0.073349968 | L75: 0.073594349
A78: <Delta.v_3*Delta.v_1>
A79: t | B79: delta_t | C79: 0 | D79: 0.03 | E79: 0.05999999 | F79: 0.08999999 | G79: 0.3 | H79: 0.6 | I79: 0.9 | J79: 2 | K79: 4 | L79: 6
A80: r | B80: 0 | C80: 0 | D80: -0.00042541424 | E80: -0.00084786221 | F80: -0.00079874581 | G80: -0.0030194541 | H80: -0.0084899669 | I80: -0.013330159 | J80: -0.018385496 | K80: -0.018949936 | L80: -0.022844527
A81: r | B81: 0.1 | C81: 0.00020210892 | D81: 3.9667024e-05 | E81: -0.00093054558 | F81: -0.00091468605 | G81: -0.0025786145 | H81: -0.0084682625 | I81: -0.01368093 | J81: -0.018766786 | K81: -0.018972783 | L81: -0.022981581
A82: r | B82: 0.2 | C82: -0.0010230102 | D82: -0.00092040622 | E82: -0.0010207745 | F82: -0.0017853395 | G82: -0.0030889907 | H82: -0.0088340837 | I82: -0.013659094 | J82: -0.018797302 | K82: -0.01801345 | L82: -0.022437697
A83: r | B83: 0.3 | C83: 0.0005837019 | D83: 9.8632067e-05 | E83: -0.00082809989 | F83: -0.0011345176 | G83: -0.0042415107 | H83: -0.0089632092 | I83: -0.01297862 | J83: -0.018221084 | K83: -0.017705508 | L83: -0.022325074
A84: r | B84: 0.4 | C84: 0.00029862873 | D84: -0.00028911829 | E84: -0.00064733101 | F84: -0.0008534483 | G84: -0.0039282432 | H84: -0.0085476833 | I84: -0.011001007 | J84: -0.017122964 | K84: -0.017968762 | L84: -0.022674301
A85: r | B85: 0.8 | C85: 0.00068668762 | D85: 0.00054646196 | E85: 0.00022262447 | F85: -0.00010202221 | G85: -0.0030112757 | H85: -0.0062614846 | I85: -0.010159274 | J85: -0.015236253 | K85: -0.016319165 | L85: -0.020506132
A86: r | B86: 1.2 | C86: 0.0010434368 | D86: 0.00094004451 | E86: 0.00041178043 | F86: 0.0003751594 | G86: -0.00036991239 | H86: -0.0039308035 | I86: -0.007441533 | J86: -0.013098863 | K86: -0.014887086 | L86: -0.017306792
A87: r | B87: 1.6 | C87: 0.0027994184 | D87: 0.0023447544 | E87: 0.0018232342 | F87: 0.0018774756 | G87: 0.00032361858 | H87: -0.0023493603 | I87: -0.0052882947 | J87: -0.010568249 | K87: -0.012731998 | L87: -0.012689352
A90: <Delta.v_3*Delta.v_2>
A91: t | B91: delta_t | C91: 0 | D91: 0.03 | E91: 0.05999999 | F91: 0.08999999 | G91: 0.3 | H91: 0.6 | I91: 0.9 | J91: 2 | K91: 4 | L91: 6
A92: r | B92: 0 | C92: 0 | D92: 0.00021964082 | E92: 0.00078588717 | F92: -9.8587999e-06 | G92: -0.00046277023 | H92: 0.0006272478 | I92: 0.00031591346 | J92: -0.00096121743 | K92: 0.00016287434 | L92: -0.0011092473
A93: r | B93: 0.1 | C93: -0.0076719483 | D93: -0.0077050035 | E93: -0.0079404124 | F93: -0.0082856547 | G93: -0.0084166852 | H93: -0.0072502965 | I93: -0.0074128543 | J93: -0.0084432831 | K93: -0.0073411852 | L93: -0.0058472461
A94: r | B94: 0.2 | C94: -0.015621821 | D94: -0.016046664 | E94: -0.016296873 | F94: -0.015522558 | G94: -0.017218574 | H94: -0.015779841 | I94: -0.014151581 | J94: -0.016581519 | K94: -0.015082139 | L94: -0.011882772
A95: r | B95: 0.3 | C95: -0.022879148 | D95: -0.022747981 | E95: -0.023162565 | F95: -0.023646658 | G95: -0.024061619 | H95: -0.023203612 | I95: -0.022494367 | J95: -0.0240013 | K95: -0.024277068 | L95: -0.017387953
A96: r | B96: 0.4 | C96: -0.031217478 | D96: -0.03142763 | E96: -0.0312741 | F96: -0.031828816 | G96: -0.030994547 | H96: -0.030886755 | I96: -0.030510983 | J96: -0.032055294 | K96: -0.032326642 | L96: -0.022366644
A97: r | B97: 0.8 | C97: -0.054690128 | D97: -0.055231442 | E97: -0.055245413 | F97: -0.054870905 | G97: -0.055327913 | H97: -0.055738041 | I97: -0.056501293 | J97: -0.060318355 | K97: -0.060161624 | L97: -0.040467257
A98: r | B98: 1.2 | C98: -0.071481958 | D98: -0.071879314 | E98: -0.071925044 | F98: -0.071771216 | G98: -0.072234526 | H98: -0.07406088 | I98: -0.074008493 | J98: -0.076907154 | K98: -0.079073777 | L98: -0.055429435
A99: r | B99: 1.6 | C99: -0.07922567 | D99: -0.079060475 | E99: -0.079170587 | F99: -0.079450815 | G99: -0.080134729 | H99: -0.079520515 | I99: -0.080138758 | J99: -0.083357262 | K99: -0.08649391 | L99: -0.060973487
A102: <Delta.v_3*Delta.v_3>
A103: t | B103: delta_t | C103: 0 | D103: 0.03 | E103: 0.05999999 | F103: 0.08999999 | G103: 0.3 | H103: 0.6 | I103: 0.9 | J103: 2 | K103: 4 | L103: 6
A104: r | B104: 0 | C104: 0 | D104: -0.013805615 | E104: -0.029692521 | F104: -0.041413576 | G104: -0.08610076 | H104: -0.1244631 | I104: -0.15555827 | J104: -0.25413304 | K104: -0.3389039 | L104: -0.3894896
A105: r | B105: 0.1 | C105: -0.056832212 | D105: -0.057156519 | E105: -0.057949748 | F105: -0.060520018 | G105: -0.091958497 | H105: -0.12734608 | I105: -0.15721339 | J105: -0.25594318 | K105: -0.33940958 | L105: -0.39002109
A106: r | B106: 0.2 | C106: -0.095202931 | D106: -0.094871801 | E106: -0.094978919 | F106: -0.095344934 | G106: -0.10901767 | H106: -0.13692443 | I106: -0.16462411 | J106: -0.26013865 | K106: -0.34077362 | L106: -0.39140327
A107: r | B107: 0.3 | C107: -0.12775318 | D107: -0.12743974 | E107: -0.12706253 | F107: -0.12692527 | G107: -0.13188973 | H107: -0.15333219 | I107: -0.17622459 | J107: -0.26465024 | K107: -0.34475922 | L107: -0.39219167
A108: r | B108: 0.4 | C108: -0.15665808 | D108: -0.15713677 | E108: -0.15685934 | F108: -0.15690396 | G108: -0.15883596 | H108: -0.17301065 | I108: -0.19229078 | J108: -0.27317595 | K108: -0.34990831 | L108: -0.39631668
A109: r | B109: 0.8 | C109: -0.26218106 | D109: -0.26205631 | E109: -0.26216439 | F109: -0.26267823 | G109: -0.26398574 | H109: -0.26712057 | I109: -0.27287817 | J109: -0.31663633 | K109: -0.37800886 | L109: -0.4147094
A110: r | B110: 1.2 | C110: -0.34928255 | D110: -0.34991305 | E110: -0.35039881 | F110: -0.3501494 | G110: -0.34976001 | H110: -0.3517256 | I110: -0.35365479 | J110: -0.37415651 | K110: -0.41782208 | L110: -0.4407475
A111: r | B111: 1.6 | C111: -0.4181246 | D111: -0.41816377 | E111: -0.41797055 | F111: -0.41887518 | G111: -0.42131413 | H111: -0.42292737 | I111: -0.42366005 | J111: -0.42730378 | K111: -0.45574601 | L111: -0.46453184
A120: <delta_t.v_1*delta_t.v_1>
A121: t | B121: delta_t | C121: 0 | D121: 0.03 | E121: 0.05999999 | F121: 0.08999999 | G121: 0.3 | H121: 0.6 | I121: 0.9 | J121: 2 | K121: 4 | L121: 6
A122: r | B122: 0 | C122: 0 | D122: 0 | E122: 0 | F122: 0 | G122: 0 | H122: 0 | I122: 0 | J122: 0 | K122: 0 | L122: 0
A123: r | B123: 0.1 | C123: -0.040750606 | D123: -0.0274332 | E123: -0.016482804 | F123: -0.010825791 | G123: -0.003154255 | H123: -0.0024345455 | I123: -0.00062299734 | J123: -0.00030845841 | K123: -0.00032296279 | L123: -0.00064819891
A124: r | B124: 0.2 | C124: -0.071327322 | D124: -0.056082657 | E124: -0.041728795 | F124: -0.032440662 | G124: -0.011364019 | H124: -0.0074185051 | I124: -0.0045686502 | J124: -0.0018979279 | K124: -0.0020377906 | L124: -0.0016397022
A125: r | B125: 0.3 | C125: -0.094755615 | D125: -0.079365169 | E125: -0.064447361 | F125: -0.054033561 | G125: -0.024171948 | H125: -0.014438021 | I125: -0.010312796 | J125: -0.0034567372 | K125: -0.003111747 | L125: -0.0025332606
A126: r | B126: 0.4 | C126: -0.11629729 | D126: -0.10077208 | E126: -0.085769266 | F126: -0.074651036 | G126: -0.038146475 | H126: -0.023800628 | I126: -0.016700243 | J126: -0.0063692076 | K126: -0.0047030001 | L126: -0.0034740574
A127: r | B127: 0.8 | C127: -0.18540033 | D127: -0.16959138 | E127: -0.15411683 | F127: -0.14276909 | G127: -0.10089567 | H127: -0.071089665 | I127: -0.054025669 | J127: -0.024171489 | K127: -0.015265444 | L127: -0.01242811
A128: r | B128: 1.2 | C128: -0.24201075 | D128: -0.22641991 | E128: -0.21086963 | F128: -0.19913157 | G128: -0.15484623 | H128: -0.12084232 | I128: -0.097051721 | J128: -0.045605804 | K128: -0.031779177 | L128: -0.024307159
...

Sheet _3_1
A1: Nmb_of_pts | B1: 150000, time_0 | C1: 0.2
A6: <Delta.v_1*Delta.v_1>
A7: t | B7: delta_t | C7: 0 | D7: 0.03 | E7: 0.05999999 | F7: 0.08999999 | G7: 0.3 | H7: 0.6 | I7: 0.9 | J7: 2 | K7: 4 | L7: 6
A8: r | B8: 0 | C8: 0 | D8: -0.014840116 | E8: -0.03103428 | F8: -0.042872133 | G8: -0.089947035 | H8: -0.12725131 | I8: -0.15643484 | J8: -0.24130564 | K8: -0.28894024 | L8: -0.33009091
A9: r | B9: 0.1 | C9: -0.040179312 | D9: -0.041745422 | E9: -0.04665085 | F9: -0.053102839 | G9: -0.092705969 | H9: -0.13008137 | I9: -0.15747864 | J9: -0.24193833 | K9: -0.28918408 | L9: -0.32918129
A10: r | B10: 0.2 | C10: -0.069543975 | D10: -0.070727191 | E10: -0.071861404 | F10: -0.074087693 | G10: -0.10055132 | H10: -0.13413084 | I10: -0.16164734 | J10: -0.24402948 | K10: -0.29064229 | L10: -0.33055347
A11: r | B11: 0.3 | C11: -0.093990858 | D11: -0.094298497 | E11: -0.095246968 | F11: -0.096609735 | G11: -0.11235548 | H11: -0.14168323 | I11: -0.16720186 | J11: -0.24652282 | K11: -0.29161895 | L11: -0.331277
A12: r | B12: 0.4 | C12: -0.11514588 | D12: -0.11511153 | E12: -0.11535272 | F12: -0.11628551 | G12: -0.12715824 | H12: -0.15133294 | I12: -0.17426939 | J12: -0.24992435 | K12: -0.29312382 | L12: -0.3330737
A13: r | B13: 0.8 | C13: -0.18710624 | D13: -0.18704963 | E13: -0.18743717 | F13: -0.18739374 | G13: -0.18947553 | H13: -0.19980378 | I13: -0.21273728 | J13: -0.2686455 | K13: -0.30431601 | L13: -0.34102808
A14: r | B14: 1.2 | C14: -0.24261945 | D14: -0.24285826 | E14: -0.24294788 | F14: -0.24350207 | G14: -0.24697016 | H14: -0.25006035 | I14: -0.25677466 | J14: -0.29082541 | K14: -0.32088903 | L14: -0.35217172
A15: r | B15: 1.6 | C15: -0.28881713 | D15: -0.288755 | E15: -0.28877659 | F15: -0.28969482 | G15: -0.29118745 | H15: -0.29489773 | I15: -0.29852354 | J15: -0.31592778 | K15: -0.33820498 | L15: -0.36654536
A18: <Delta.v_1*Delta.v_2>
A19: t | B19: delta_t | C19: 0 | D19: 0.03 | E19: 0.05999999 | F19: 0.08999999 | G19: 0.3 | H19: 0.6 | I19: 0.9 | J19: 2 | K19: 4 | L19: 6
A20: r | B20: 0 | C20: 0 | D20: 0.00016443565 | E20: 0.00020128643 | F20: 0.00035769959 | G20: 0.0002326733 | H20: 0.00026893812 | I20: 0.0011047964 | J20: 0.0022047454 | K20: 0.0017191097 | L20: 0.0017404166
A21: r | B21: 0.1 | C21: -0.00088728605 | D21: -0.00036259317 | E21: -0.00013575547 | F21: 0.00059940803 | G21: 0.0001149574 | H21: 0.00082466035 | I21: 0.00062942409 | J21: 0.0011364253 | K21: 0.0019687202 | L21: 0.00070698422
A22: r | B22: 0.2 | C22: 0.00037488564 | D22: 0.00065236951 | E22: 0.00079212943 | F22: 0.00083355204 | G22: 0.00093707683 | H22: 0.00069716986 | I22: 0.00089774763 | J22: 0.0010440388 | K22: 0.0021140771 | L22: -9.1711343e-05
A23: r | B23: 0.3 | C23: 0.00043925931 | D23: 0.0008830056 | E23: 0.00083705855 | F23: 0.0013099096 | G23: 0.0011266685 | H23: 0.00096459563 | I23: 0.00046851426 | J23: 0.0011124008 | K23: 0.00075413588 | L23: -4.2891108e-05
A24: r | B24: 0.4 | C24: 0.00071773016 | D24: 0.0011819337 | E24: 0.0016377789 | F24: 0.0016000461 | G24: 0.001734436 | H24: 0.00063611969 | I24: 0.00066321697 | J24: 0.00044523488 | K24: -9.7836795e-05 | L24: -0.00022246667
A25: r | B25: 0.8 | C25: 0.00083140475 | D25: 0.00036559649 | E25: 0.00039415313 | F25: 0.00023589488 | G25: 0.00061681007 | H25: 0.0003864908 | I25: -0.00028259162 | J25: -0.00079323913 | K25: -0.0015161439 | L25: -0.0042289228
A26: r | B26: 1.2 | C26: -5.2913435e-05 | D26: -0.00022787114 | E26: 0.00017544317 | F26: 0.00040186544 | G26: -0.00073801874 | H26: -0.00079780943 | I26: 5.7198903e-06 | J26: -6.5655525e-05 | K26: -0.0042593228 | L26: -0.0083335413
A27: r | B27: 1.6 | C27: -7.7036062e-06 | D27: -0.00025500071 | E27: -1.7106164e-06 | F27: 4.8149476e-05 | G27: -0.00017741312 | H27: -0.00040173237 | I27: -0.00062194461 | J27: -0.001615325 | K27: -0.0081663004 | L27: -0.0091394627
A30: <Delta.v_1*Delta.v_3>
A31: t | B31: delta_t | C31: 0 | D31: 0.03 | E31: 0.05999999 | F31: 0.08999999 | G31: 0.3 | H31: 0.6 | I31: 0.9 | J31: 2 | K31: 4 | L31: 6
A32: r | B32: 0 | C32: 0 | D32: 0.00068310003 | E32: 0.00096532808 | F32: 0.0012036767 | G32: 0.0036558212 | H32: 0.008812366 | I32: 0.014467188 | J32: 0.018879026 | K32: 0.018633558 | L32: 0.019919242
A33: r | B33: 0.1 | C33: -0.00033380969 | D33: 0.000384465 | E33: 0.0007591154 | F33: 0.0016071395 | G33: 0.004127086 | H33: 0.0085294568 | I33: 0.014020018 | J33: 0.019983013 | K33: 0.019622007 | L33: 0.020728161
A34: r | B34: 0.2 | C34: 1.2015331e-05 | D34: 0.00081896044 | E34: 0.00098415941 | F34: 0.001079239 | G34: 0.0033425209 | H34: 0.0089919429 | I34: 0.015240386 | J34: 0.019023971 | K34: 0.019882769 | L34: 0.02109273
A35: r | B35: 0.3 | C35: 0.00083400361 | D35: 0.0015388011 | E35: 0.0015492538 | F35: 0.0015643156 | G35: 0.0041194384 | H35: 0.008129889 | I35: 0.014798012 | J35: 0.019225469 | K35: 0.019136105 | L35: 0.020583961
A36: r | B36: 0.4 | C36: 0.00095376213 | D36: 0.0013364333 | E36: 0.0015023031 | F36: 0.0018522524 | G36: 0.0039548726 | H36: 0.0099352974 | I36: 0.014472162 | J36: 0.020077949 | K36: 0.018360008 | L36: 0.020956421
A37: r | B37: 0.8 | C37: 0.0025926047 | D37: 0.0028303222 | E37: 0.0033722768 | F37: 0.0036527674 | G37: 0.0061860001 | H37: 0.0098580203 | I37: 0.013623283 | J37: 0.020115529 | K37: 0.017409251 | L37: 0.020778111
A38: r | B38: 1.2 | C38: 0.0048686464 | D38: 0.004932827 | E38: 0.0051442104 | F38: 0.0054710048 | G38: 0.0076635656 | H38: 0.01045104 | I38: 0.013837476 | J38: 0.016144131 | K38: 0.01608231 | L38: 0.019185578
A39: r | B39: 1.6 | C39: 0.0061830015 | D39: 0.006337096 | E39: 0.0067682692 | F39: 0.0069364764 | G39: 0.0088430016 | H39: 0.010763798 | I39: 0.011633235 | J39: 0.012223411 | K39: 0.014564784 | L39: 0.01520681
A42: <Delta.v_2*Delta.v_1>
A43: t | B43: delta_t | C43: 0 | D43: 0.03 | E43: 0.05999999 | F43: 0.08999999 | G43: 0.3 | H43: 0.6 | I43: 0.9 | J43: 2 | K43: 4 | L43: 6
A44: r | B44: 0 | C44: 0 | D44: -9.5987009e-05 | E44: -0.00030934865 | F44: -0.00054183402 | G44: -9.9075645e-05 | H44: 5.8691487e-06 | I44: 0.00092497391 | J44: 0.0013686374 | K44: 0.0017400903 | L44: 0.0017954562
A45: r | B45: 0.1 | C45: -0.00089539481 | D45: -0.00053621299 | E45: -0.00051116262 | F45: -0.00088862067 | G45: 0.000942114 | H45: 5.7993746e-05 | I45: 0.00052432357 | J45: 0.0025163061 | K45: 0.0014254782 | L45: 0.00014809679
A46: r | B46: 0.2 | C46: 4.9753021e-05 | D46: -0.00036846962 | E46: -0.00037184444 | F46: -0.00072974394 | G46: 0.00036716874 | H46: 0.00030529778 | I46: 0.00042848134 | J46: 0.0022077266 | K46: 0.00075919947 | L46: -0.0011963886
A47: r | B47: 0.3 | C47: 0.00018454875 | D47: 0.0003080822 | E47: 0.00021862336 | F47: -0.00083866206 | G47: 0.0005128628 | H47: 0.00072512582 | I47: 0.00057606885 | J47: 0.00064598165 | K47: 0.0009934032 | L47: -0.0023816795
A48: r | B48: 0.4 | C48: -0.0006656009 | D48: -0.00056227401 | E48: -0.00031449837 | F48: -0.00020634764 | G48: 0.00043165599 | H48: 0.00049062656 | I48: -4.224871e-05 | J48: -0.00029561698 | K48: -0.00093115946 | L48: -0.0041423755
A49: r | B49: 0.8 | C49: -0.00073820918 | D49: -0.00074819072 | E49: -0.00027978562 | F49: -0.00053411095 | G49: -0.0018637481 | H49: -0.0013239512 | I49: -0.0015690024 | J49: -0.00071801377 | K49: -0.0029788824 | L49: -0.006780042
A50: r | B50: 1.2 | C50: 8.611816e-05 | D50: -0.00010695324 | E50: -0.00079831973 | F50: -0.00075005882 | G50: -0.0015679273 | H50: -0.002095015 | I50: -0.0024766906 | J50: -0.0020804441 | K50: -0.0069614594 | L50: -0.0097273848
A51: r | B51: 1.6 | C51: -0.0018180759 | D51: -0.0016413375 | E51: -0.00066849658 | F51: -0.0012637753 | G51: -0.0013001333 | H51: -0.00086956911 | I51: -2.7867214e-05 | J51: -0.0026740499 | K51: -0.008680608 | L51: -0.012318635
A54: <Delta.v_2*Delta.v_2>
A55: t | B55: delta_t | C55: 0 | D55: 0.03 | E55: 0.05999999 | F55: 0.08999999 | G55: 0.3 | H55: 0.6 | I55: 0.9 | J55: 2 | K55: 4 | L55: 6
A56: r | B56: 0 | C56: 0 | D56: -0.015069192 | E56: -0.030792075 | F56: -0.042969116 | G56: -0.089403343 | H56: -0.12732278 | I56: -0.15793575 | J56: -0.24393405 | K56: -0.28928844 | L56: -0.33111828
A57: r | B57: 0.1 | C57: -0.058881861 | D57: -0.059256278 | E57: -0.060199809 | F57: -0.062899809 | G57: -0.095477877 | H57: -0.13057914 | I57: -0.16059816 | J57: -0.24585233 | K57: -0.29018788 | L57: -0.33065163
A58: r | B58: 0.2 | C58: -0.096968073 | D58: -0.09752679 | E58: -0.097376815 | F58: -0.098217514 | G58: -0.11196843 | H58: -0.14014414 | I58: -0.16848488 | J58: -0.24858589 | K58: -0.29125824 | L58: -0.33135547
A59: r | B59: 0.3 | C59: -0.1293965 | D59: -0.12941157 | E59: -0.12951832 | F59: -0.1293715 | G59: -0.13492814 | H59: -0.15530067 | I59: -0.17822449 | J59: -0.25246265 | K59: -0.29323578 | L59: -0.33316086
A60: r | B60: 0.4 | C60: -0.15739678 | D60: -0.15789824 | E60: -0.15756683 | F60: -0.15775051 | G60: -0.1597385 | H60: -0.17315659 | I60: -0.1921055 | J60: -0.25656319 | K60: -0.29614222 | L60: -0.33576616
A61: r | B61: 0.8 | C61: -0.2504957 | D61: -0.25033391 | E61: -0.25001862 | F61: -0.25019051 | G61: -0.25100275 | H61: -0.25349199 | I61: -0.25667919 | J61: -0.28637265 | K61: -0.32157453 | L61: -0.35169304
A62: r | B62: 1.2 | C62: -0.32053654 | D62: -0.32091112 | E62: -0.32093278 | F62: -0.32085558 | G62: -0.32075643 | H62: -0.32160057 | I62: -0.32019917 | J62: -0.32703133 | K62: -0.35241375 | L62: -0.37270768
A63: r | B63: 1.6 | C63: -0.37396482 | D63: -0.37420539 | E63: -0.37427244 | F63: -0.37441136 | G63: -0.3743556 | H63: -0.37426259 | I63: -0.37501539 | J63: -0.37275482 | K63: -0.38594712 | L63: -0.39524945
A66: <Delta.v_2*Delta.v_3>
A67: t | B67: delta_t | C67: 0 | D67: 0.03 | E67: 0.05999999 | F67: 0.08999999 | G67: 0.3 | H67: 0.6 | I67: 0.9 | J67: 2 | K67: 4 | L67: 6
A68: r | B68: 0 | C68: 0 | D68: -7.2410935e-05 | E68: -0.00022271501 | F68: -0.00069543834 | G68: -0.001502266 | H68: -0.001143522 | I68: -0.0012567501 | J68: 0.00095564201 | K68: -0.0025443149 | L68: -0.0025797839
A69: r | B69: 0.1 | C69: 0.0084168037 | D69: 0.0086064946 | E69: 0.0083610619 | F69: 0.007489312 | G69: 0.0081474647 | H69: 0.0070940034 | I69: 0.0070946113 | J69: 0.0070570934 | K69: 0.0045377509 | L69: 0.0071566305
A70: r | B70: 0.2 | C70: 0.016440047 | D70: 0.016810353 | E70: 0.016384628 | F70: 0.016571411 | G70: 0.015737632 | H70: 0.015516907 | I70: 0.016248966 | J70: 0.014312541 | K70: 0.010680333 | L70: 0.015107829
A71: r | B71: 0.3 | C71: 0.024151767 | D71: 0.024160452 | E71: 0.024327769 | F71: 0.024467084 | G71: 0.023383711 | H71: 0.022040663 | I71: 0.02363203 | J71: 0.020997539 | K71: 0.01763934 | L71: 0.021663338
A72: r | B72: 0.4 | C72: 0.03135769 | D72: 0.031458761 | E72: 0.030545823 | F72: 0.030598106 | G72: 0.030158005 | H72: 0.029754737 | I72: 0.030152238 | J72: 0.028130001 | K72: 0.024994529 | L72: 0.029327624
A73: r | B73: 0.8 | C73: 0.053413045 | D73: 0.053600754 | E73: 0.05350565 | F73: 0.053344279 | G73: 0.052961487 | H73: 0.053223479 | I73: 0.053042558 | J73: 0.050907282 | K73: 0.049636171 | L73: 0.054661373
A74: r | B74: 1.2 | C74: 0.069809186 | D74: 0.069760277 | E74: 0.068822154 | F74: 0.068392848 | G74: 0.068319669 | H74: 0.067387887 | I74: 0.067207985 | J74: 0.066103474 | K74: 0.06538068 | L74: 0.067470684
A75: r | B75: 1.6 | C75: 0.075646586 | D75: 0.075509312 | E75: 0.07509258 | F75: 0.074864831 | G75: 0.074301438 | H75: 0.073353914 | I75: 0.072062134 | J75: 0.070806229 | K75: 0.071654623 | L75: 0.071171966
A78: <Delta.v_3*Delta.v_1>
A79: t | B79: delta_t | C79: 0 | D79: 0.03 | E79: 0.05999999 | F79: 0.08999999 | G79: 0.3 | H79: 0.6 | I79: 0.9 | J79: 2 | K79: 4 | L79: 6
A80: r | B80: 0 | C80: 0 | D80: -0.00060940681 | E80: -0.0005381893 | F80: -0.0004159596 | G80: -0.0033942895 | H80: -0.0078841988 | I80: -0.011821593 | J80: -0.016580103 | K80: -0.016102576 | L80: -0.020522606
A81: r | B81: 0.1 | C81: 0.00051676389 | D81: -0.00010862124 | E81: 5.4985008e-05 | F81: -0.00041158904 | G81: -0.0034416596 | H81: -0.0078828559 | I81: -0.011185825 | J81: -0.01672847 | K81: -0.015897999 | L81: -0.020138734
A82: r | B82: 0.2 | C82: -0.0009092459 | D82: -0.00094941697 | E82: -0.00064911745 | F82: -0.0010949346 | G82: -0.0027768942 | H82: -0.0074291257 | I82: -0.011324829 | J82: -0.017423498 | K82: -0.016251628 | L82: -0.019470378
A83: r | B83: 0.3 | C83: -0.00044825921 | D83: -0.00019139071 | E83: -0.00035918693 | F83: -0.0010099273 | G83: -0.003116531 | H83: -0.0070519173 | I83: -0.010760888 | J83: -0.017092011 | K83: -0.01665966 | L83: -0.019566927
A84: r | B84: 0.4 | C84: 0.00045516446 | D84: 7.6572101e-05 | E84: -0.00015151286 | F84: -0.00074043399 | G84: -0.0023774464 | H84: -0.006597947 | I84: -0.010683713 | J84: -0.017038738 | K84: -0.016178857 | L84: -0.019890015
A85: r | B85: 0.8 | C85: 0.0025779209 | D85: 0.0021680058 | E85: 0.0012142675 | F85: 0.000666147 | G85: -0.0016293558 | H85: -0.005378966 | I85: -0.01000451 | J85: -0.015893265 | K85: -0.015060073 | L85: -0.016238112
A86: r | B86: 1.2 | C86: 0.0031888903 | D86: 0.0030035595 | E86: 0.0023458633 | F86: 0.0017199969 | G86: -0.00025592036 | H86: -0.003274753 | I86: -0.0068990049 | J86: -0.015335568 | K86: -0.013875439 | L86: -0.014039517
A87: r | B87: 1.6 | C87: 0.0042355707 | D87: 0.0038735077 | E87: 0.0031165004 | F87: 0.0028400254 | G87: 0.0006848407 | H87: -0.0027472659 | I87: -0.004976791 | J87: -0.011426204 | K87: -0.011415106 | L87: -0.011073327
A90: <Delta.v_3*Delta.v_2>
A91: t | B91: delta_t | C91: 0 | D91: 0.03 | E91: 0.05999999 | F91: 0.08999999 | G91: 0.3 | H91: 0.6 | I91: 0.9 | J91: 2 | K91: 4 | L91: 6
A92: r | B92: 0 | C92: 0 | D92: -0.00021156606 | E92: -6.7430435e-05 | F92: -7.6425837e-05 | G92: -0.00085291955 | H92: -0.0014182679 | I92: -0.0019712187 | J92: -0.0025064053 | K92: -0.00045716913 | L92: -0.00056368434
A93: r | B93: 0.1 | C93: -0.0083367104 | D93: -0.0088149767 | E93: -0.0088354363 | F93: -0.0079752464 | G93: -0.009474845 | H93: -0.010421216 | I93: -0.0094680094 | J93: -0.010880824 | K93: -0.0083943665 | L93: -0.0070997247
A94: r | B94: 0.2 | C94: -0.016232105 | D94: -0.016416015 | E94: -0.016392636 | F94: -0.016939164 | G94: -0.018009276 | H94: -0.017844222 | I94: -0.018155653 | J94: -0.020586906 | K94: -0.016370244 | L94: -0.012909736
A95: r | B95: 0.3 | C95: -0.023818253 | D95: -0.024004968 | E95: -0.024764566 | F95: -0.025262575 | G95: -0.025766928 | H95: -0.02655884 | I95: -0.026542373 | J95: -0.027831961 | K95: -0.02503177 | L95: -0.01825586
A96: r | B96: 0.4 | C96: -0.032432792 | D96: -0.03275233 | E96: -0.03278803 | F96: -0.033029313 | G96: -0.032893236 | H96: -0.0340822 | I96: -0.03308012 | J96: -0.035476529 | K96: -0.033298697 | L96: -0.024161228
A97: r | B97: 0.8 | C97: -0.05712352 | D97: -0.057608272 | E97: -0.05808017 | F97: -0.058654566 | G97: -0.059081135 | H97: -0.058779523 | I97: -0.060673785 | J97: -0.063085448 | K97: -0.061077413 | L97: -0.041862871
A98: r | B98: 1.2 | C98: -0.074057057 | D98: -0.074596827 | E98: -0.075349005 | F98: -0.075476166 | G98: -0.076207191 | H98: -0.075893917 | I98: -0.076977112 | J98: -0.080580043 | K98: -0.080472083 | L98: -0.055426327
A99: r | B99: 1.6 | C99: -0.081338551 | D99: -0.081801242 | E99: -0.081880642 | F99: -0.081926169 | G99: -0.08133485 | H99: -0.081723831 | I99: -0.080797226 | J99: -0.0870047 | K99: -0.088330861 | L99: -0.06305013
A102: <Delta.v_3*Delta.v_3>
A103: t | B103: delta_t | C103: 0 | D103: 0.03 | E103: 0.05999999 | F103: 0.08999999 | G103: 0.3 | H103: 0.6 | I103: 0.9 | J103: 2 | K103: 4 | L103: 6
A104: r | B104: 0 | C104: 0 | D104: -0.014844613 | E104: -0.030820418 | F104: -0.042198582 | G104: -0.088833785 | H104: -0.12701271 | I104: -0.15972938 | J104: -0.26139502 | K104: -0.34512096 | L104: -0.39455326
A105: r | B105: 0.1 | C105: -0.057793535 | D105: -0.057967179 | E105: -0.058899532 | F105: -0.061781587 | G105: -0.094781191 | H105: -0.13088165 | I105: -0.16178642 | J105: -0.26092833 | K105: -0.34462652 | L105: -0.39435322
A106: r | B106: 0.2 | C106: -0.097464017 | D106: -0.097265292 | E106: -0.097803326 | F106: -0.098890359 | G106: -0.11190296 | H106: -0.13998342 | I106: -0.16908122 | J106: -0.26594593 | K106: -0.34561592 | L106: -0.39425342
A107: r | B107: 0.3 | C107: -0.13053892 | D107: -0.13132047 | E107: -0.13154317 | F107: -0.13214532 | G107: -0.13548954 | H107: -0.156306 | I107: -0.18106074 | J107: -0.27186397 | K107: -0.34906853 | L107: -0.3965655
A108: r | B108: 0.4 | C108: -0.16141172 | D108: -0.16171977 | E108: -0.16160031 | F108: -0.16109775 | G108: -0.16260148 | H108: -0.17739148 | I108: -0.19695628 | J108: -0.27948239 | K108: -0.35392219 | L108: -0.4002565
A109: r | B109: 0.8 | C109: -0.26747483 | D109: -0.26742728 | E109: -0.26785707 | F109: -0.26811274 | G109: -0.26854768 | H109: -0.26980271 | I109: -0.27776867 | J109: -0.32473397 | K109: -0.38330326 | L109: -0.42047454
A110: r | B110: 1.2 | C110: -0.35529692 | D110: -0.35506066 | E110: -0.35517965 | F110: -0.35518641 | G110: -0.35661136 | H110: -0.35821993 | I110: -0.35908948 | J110: -0.37735108 | K110: -0.42198471 | L110: -0.44696579
A111: r | B111: 1.6 | C111: -0.42643506 | D111: -0.42692072 | E111: -0.42731775 | F111: -0.42760563 | G111: -0.42753819 | H111: -0.42726705 | I111: -0.42887393 | J111: -0.43312404 | K111: -0.4598231 | L111: -0.47232467
A120: <delta_t.v_1*delta_t.v_1>
A121: t | B121: delta_t | C121: 0 | D121: 0.03 | E121: 0.05999999 | F121: 0.08999999 | G121: 0.3 | H121: 0.6 | I121: 0.9 | J121: 2 | K121: 4 | L121: 6
A122: r | B122: 0 | C122: 0 | D122: 0 | E122: 0 | F122: 0 | G122: 0 | H122: 0 | I122: 0 | J122: 0 | K122: 0 | L122: 0
A123: r | B123: 0.1 | C123: -0.040179312 | D123: -0.026905306 | E123: -0.015616571 | F123: -0.010230706 | G123: -0.0027589334 | H123: -0.0028300627 | I123: -0.0010438028 | J123: -0.00063269254 | K123: -0.00024383704 | L123: 0.00090961954
A124: r | B124: 0.2 | C124: -0.069543975 | D124: -0.055887075 | E124: -0.040827125 | F124: -0.03121556 | G124: -0.010604285 | H124: -0.0068795266 | I124: -0.0052124992 | J124: -0.0027238419 | K124: -0.0017020511 | L124: -0.00046256625
A125: r | B125: 0.3 | C125: -0.093990858 | D125: -0.079458381 | E125: -0.064212688 | F125: -0.053737603 | G125: -0.022408443 | H125: -0.014431924 | I125: -0.010767024 | J125: -0.0052171812 | K125: -0.0026787117 | L125: -0.0011860967
A126: r | B126: 0.4 | C126: -0.11514588 | D126: -0.10027141 | E126: -0.084318437 | F126: -0.073413379 | G126: -0.037211204 | H126: -0.024081634 | I126: -0.017834551 | J126: -0.0086187135 | K126: -0.0041835758 | L126: -0.0029827928
A127: r | B127: 0.8 | C127: -0.18710624 | D127: -0.17220951 | E127: -0.15640289 | F127: -0.14452161 | G127: -0.099528499 | H127: -0.07255247 | I127: -0.056302436 | J127: -0.027339856 | K127: -0.015375769 | L127: -0.010937174
A128: r | B128: 1.2 | C128: -0.24261945 | D128: -0.22801815 | E128: -0.21191361 | F128: -0.20062994 | G128: -0.15702312 | H128: -0.12280904 | I128: -0.10033982 | J128: -0.049519772 | K128: -0.031948787 | L128: -0.022080818
...

Sheet 1_2
A1: Nmb_of_pts | B1: 150000, time_0 | C1: 0.2
A6: <Delta.v_1*Delta.v_1>
A7: t | B7: delta_t | C7: 0 | D7: 0.0001000017 | E7: 0.0002000034 | F7: 0.0003000051 | G7: 0.4 | H7: 0.8 | I7: 1.2 | J7: 1.75 | K7: 3.5 | L7: 5.25
A8: r | B8: 0 | C8: 0 | D8: 0 | E8: 0 | F8: 0 | G8: -0.10215515 | H8: -0.14575466 | I8: -0.18410043 | J8: -0.22799291 | K8: -0.28275592 | L8: -0.31360165
A9: r | B9: 0.1 | C9: -0.040894216 | D9: -0.040894216 | E9: -0.040894216 | F9: -0.040894216 | G9: -0.1040266 | H9: -0.14860499 | I9: -0.18497683 | J9: -0.22869488 | K9: -0.28300435 | L9: -0.31339077
A10: r | B10: 0.2 | C10: -0.070231175 | D10: -0.070231175 | E10: -0.070231175 | F10: -0.070231175 | G10: -0.11169164 | H10: -0.1514828 | I10: -0.18776946 | J10: -0.23018362 | K10: -0.28406938 | L10: -0.31443048
A11: r | B11: 0.3 | C11: -0.09447351 | D11: -0.09447351 | E11: -0.09447351 | F11: -0.09447351 | G11: -0.12146103 | H11: -0.15832788 | I11: -0.19165603 | J11: -0.23235022 | K11: -0.28488572 | L11: -0.3155718
A12: r | B12: 0.4 | C12: -0.11604187 | D12: -0.11604187 | E12: -0.11604187 | F12: -0.11604187 | G12: -0.13423897 | H12: -0.16569128 | I12: -0.19685664 | J12: -0.2358694 | K12: -0.2872799 | L12: -0.31796226
A13: r | B13: 0.8 | C13: -0.18691773 | D13: -0.18691773 | E13: -0.18691773 | F13: -0.18691773 | G13: -0.19381286 | H13: -0.20934429 | I13: -0.22695525 | J13: -0.25666374 | K13: -0.29968338 | L13: -0.32692912
A14: r | B14: 1.2 | C14: -0.24296243 | D14: -0.24296243 | E14: -0.24296243 | F14: -0.24296243 | G14: -0.24752728 | H14: -0.25379251 | I14: -0.26599545 | J14: -0.28277985 | K14: -0.3161209 | L14: -0.34151075
A15: r | B15: 1.6 | C15: -0.2899855 | D15: -0.2899855 | E15: -0.2899855 | F15: -0.2899855 | G15: -0.29277504 | H15: -0.29780011 | I15: -0.30218343 | J15: -0.31208491 | K15: -0.33537296 | L15: -0.35519841
A18: <Delta.v_1*Delta.v_2>
A19: t | B19: delta_t | C19: 0 | D19: 0.0001000017 | E19: 0.0002000034 | F19: 0.0003000051 | G19: 0.4 | H19: 0.8 | I19: 1.2 | J19: 1.75 | K19: 3.5 | L19: 5.25
A20: r | B20: 0 | C20: 0 | D20: 0 | E20: 0 | F20: 0 | G20: 0.0019724482 | H20: -0.00036394119 | I20: -0.00023983361 | J20: -0.00098214885 | K20: 0.0030115602 | L20: 0.0017186343
A21: r | B21: 0.1 | C21: 0.00058014537 | D21: 0.00058014537 | E21: 0.00058014537 | F21: 0.00058014537 | G21: 0.0017607936 | H21: 0.0012653278 | I21: -5.3420357e-05 | J21: -0.00047451067 | K21: 0.0027258487 | L21: 0.0017504924
A22: r | B22: 0.2 | C22: 0.00059448225 | D22: 0.00059448225 | E22: 0.00059448225 | F22: 0.00059448225 | G22: 0.0011399059 | H22: 0.0016912339 | I22: 0.00025376688 | J22: 0.00056627174 | K22: 0.0026431641 | L22: 0.0014002069
A23: r | B23: 0.3 | C23: 0.00021282532 | D23: 0.00021282532 | E23: 0.00021282532 | F23: 0.00021282532 | G23: 0.0013225039 | H23: 0.0012344005 | I23: -0.00055618107 | J23: 0.00081086681 | K23: 0.00051054229 | L23: 0.00056182787
A24: r | B24: 0.4 | C24: 0.00031626759 | D24: 0.00031626759 | E24: 0.00031626759 | F24: 0.00031626759 | G24: 0.0010377415 | H24: 0.0014264877 | I24: -0.00027632445 | J24: 0.0017742661 | K24: -0.00051429505 | L24: 2.3691861e-05
A25: r | B25: 0.8 | C25: 0.00042091464 | D25: 0.00042091464 | E25: 0.00042091464 | F25: 0.00042091464 | G25: -0.000304485 | H25: 0.00010528435 | I25: -0.00016088021 | J25: -0.00053355026 | K25: -0.001803144 | L25: -0.0031176579
A26: r | B26: 1.2 | C26: 0.00067530598 | D26: 0.00067530598 | E26: 0.00067530598 | F26: 0.00067530598 | G26: 0.0003130503 | H26: -0.00030952262 | I26: -0.0010163296 | J26: -0.0010260287 | K26: -0.0041436607 | L26: -0.0070040403
A27: r | B27: 1.6 | C27: 0.00011909652 | D27: 0.00011909652 | E27: 0.00011909652 | F27: 0.00011909652 | G27: 0.00096493921 | H27: 0.00046124668 | I27: 0.00063609185 | J27: -0.0010758423 | K27: -0.0054413879 | L27: -0.010873227
A30: <Delta.v_1*Delta.v_3>
A31: t | B31: delta_t | C31: 0 | D31: 0.0001000017 | E31: 0.0002000034 | F31: 0.0003000051 | G31: 0.4 | H31: 0.8 | I31: 1.2 | J31: 1.75 | K31: 3.5 | L31: 5.25
A32: r | B32: 0 | C32: 0 | D32: 0 | E32: 0 | F32: 0 | G32: 0.0073302487 | H32: 0.013821936 | I32: 0.018229172 | J32: 0.020176727 | K32: 0.014870486 | L32: 0.019731826
A33: r | B33: 0.1 | C33: 0.0012293126 | D33: 0.0012293126 | E33: 0.0012293126 | F33: 0.0012293126 | G33: 0.0069266225 | H33: 0.013281374 | I33: 0.017960396 | J33: 0.020588362 | K33: 0.014507938 | L33: 0.019873358
A34: r | B34: 0.2 | C34: 0.001357582 | D34: 0.001357582 | E34: 0.001357582 | F34: 0.001357582 | G34: 0.007055727 | H34: 0.012971767 | I34: 0.017708505 | J34: 0.020006267 | K34: 0.014989034 | L34: 0.019733578
A35: r | B35: 0.3 | C35: 0.0024160979 | D35: 0.0024160979 | E35: 0.0024160979 | F35: 0.0024160979 | G35: 0.006972165 | H35: 0.013444083 | I35: 0.018656023 | J35: 0.019766729 | K35: 0.015500051 | L35: 0.020075566
A36: r | B36: 0.4 | C36: 0.0024502853 | D36: 0.0024502853 | E36: 0.0024502853 | F36: 0.0024502853 | G36: 0.0067648566 | H36: 0.012722697 | I36: 0.017971302 | J36: 0.020287198 | K36: 0.016005177 | L36: 0.021201606
A37: r | B37: 0.8 | C37: 0.0032728668 | D37: 0.0032728668 | E37: 0.0032728668 | F37: 0.0032728668 | G37: 0.0086441174 | H37: 0.012726936 | I37: 0.015907776 | J37: 0.018378963 | K37: 0.015249157 | L37: 0.021748417
A38: r | B38: 1.2 | C38: 0.004601978 | D38: 0.004601978 | E38: 0.004601978 | F38: 0.004601978 | G38: 0.0079738164 | H38: 0.012424421 | I38: 0.014476899 | J38: 0.016534242 | K38: 0.014403353 | L38: 0.019705494
A39: r | B39: 1.6 | C39: 0.005032041 | D39: 0.005032041 | E39: 0.005032041 | F39: 0.005032041 | G39: 0.007994895 | H39: 0.010014412 | I39: 0.012683504 | J39: 0.013313566 | K39: 0.014095637 | L39: 0.017068777
A42: <Delta.v_2*Delta.v_1>
A43: t | B43: delta_t | C43: 0 | D43: 0.0001000017 | E43: 0.0002000034 | F43: 0.0003000051 | G43: 0.4 | H43: 0.8 | I43: 1.2 | J43: 1.75 | K43: 3.5 | L43: 5.25
A44: r | B44: 0 | C44: 0 | D44: 0 | E44: 0 | F44: 0 | G44: -0.00061261232 | H44: -0.0018343631 | I44: -0.0010698521 | J44: -0.0010305425 | K44: -0.00073182747 | L44: -0.00014587879
A45: r | B45: 0.1 | C45: 0.00011528408 | D45: 0.00011528408 | E45: 0.00011528408 | F45: 0.00011528408 | G45: -0.0010681705 | H45: -0.001828399 | I45: -0.0018989649 | J45: -0.001025714 | K45: -0.00082426409 | L45: -0.0012096106
A46: r | B46: 0.2 | C46: 4.9689001e-05 | D46: 4.9689001e-05 | E46: 4.9689001e-05 | F46: 4.9689001e-05 | G46: -0.00065598251 | H46: -0.0028178979 | I46: -0.0025653572 | J46: -0.00070481538 | K46: -0.00070133529 | L46: -0.0018272312
A47: r | B47: 0.3 | C47: 0.00032232432 | D47: 0.00032232432 | E47: 0.00032232432 | F47: 0.00032232432 | G47: -0.000882549 | H47: -0.0029399012 | I47: -0.002312163 | J47: -0.0013078627 | K47: -0.0014121269 | L47: -0.0024172951
A48: r | B48: 0.4 | C48: 0.00040181815 | D48: 0.00040181815 | E48: 0.00040181815 | F48: 0.00040181815 | G48: -0.00024826659 | H48: -0.0024442648 | I48: -0.0019050932 | J48: -0.00094180976 | K48: -0.0021447804 | L48: -0.0033215927
A49: r | B49: 0.8 | C49: 0.0013113968 | D49: 0.0013113968 | E49: 0.0013113968 | F49: 0.0013113968 | G49: -0.00031958519 | H49: -0.0018489322 | I49: -0.0029785265 | J49: -0.0022439442 | K49: -0.0034244981 | L49: -0.0056690836
A50: r | B50: 1.2 | C50: 0.00069835079 | D50: 0.00069835079 | E50: 0.00069835079 | F50: 0.00069835079 | G50: 0.00026475583 | H50: -0.00079069336 | I50: -0.00039250178 | J50: -0.0019725034 | K50: -0.0057869141 | L50: -0.0083692865
A51: r | B51: 1.6 | C51: 0.00046555077 | D51: 0.00046555077 | E51: 0.00046555077 | F51: 0.00046555077 | G51: 0.00084891761 | H51: 7.1200361e-05 | I51: 0.00014404787 | J51: -0.0015511391 | K51: -0.0059117907 | L51: -0.010700397
A54: <Delta.v_2*Delta.v_2>
A55: t | B55: delta_t | C55: 0 | D55: 0.0001000017 | E55: 0.0002000034 | F55: 0.0003000051 | G55: 0.4 | H55: 0.8 | I55: 1.2 | J55: 1.75 | K55: 3.5 | L55: 5.25
A56: r | B56: 0 | C56: 0 | D56: 0 | E56: 0 | F56: 0 | G56: -0.10345192 | H56: -0.14719021 | I56: -0.18307481 | J56: -0.225943 | K56: -0.28301243 | L56: -0.31054244
A57: r | B57: 0.1 | C57: -0.057632346 | D57: -0.057632346 | E57: -0.057632346 | F57: -0.057632346 | G57: -0.10730191 | H57: -0.15023113 | I57: -0.18580753 | J57: -0.22585542 | K57: -0.28410661 | L57: -0.31102245
A58: r | B58: 0.2 | C58: -0.096808858 | D58: -0.096808858 | E58: -0.096808858 | F58: -0.096808858 | G58: -0.12105374 | H58: -0.15776063 | I58: -0.18971681 | J58: -0.22877167 | K58: -0.28442489 | L58: -0.31338024
A59: r | B59: 0.3 | C59: -0.12900329 | D59: -0.12900329 | E59: -0.12900329 | F59: -0.12900329 | G59: -0.13991713 | H59: -0.16875573 | I59: -0.19750347 | J59: -0.23420993 | K59: -0.28637454 | L59: -0.31501439
A60: r | B60: 0.4 | C60: -0.15744597 | D60: -0.15744597 | E60: -0.15744597 | F60: -0.15744597 | G60: -0.163179 | H60: -0.18370348 | I60: -0.20686307 | J60: -0.2404174 | K60: -0.29131611 | L60: -0.31776117
A61: r | B61: 0.8 | C61: -0.25012479 | D61: -0.25012479 | E61: -0.25012479 | F61: -0.25012479 | G61: -0.25182589 | H61: -0.25511347 | I61: -0.2626242 | J61: -0.2783891 | K61: -0.31566452 | L61: -0.33436909
A62: r | B62: 1.2 | C62: -0.32028027 | D62: -0.32028027 | E62: -0.32028027 | F62: -0.32028027 | G62: -0.32058151 | H62: -0.3212325 | I62: -0.32156192 | J62: -0.32646048 | K62: -0.344501 | L62: -0.36185071
A63: r | B63: 1.6 | C63: -0.37385741 | D63: -0.37385741 | E63: -0.37385741 | F63: -0.37385741 | G63: -0.37401599 | H63: -0.37503529 | I63: -0.374281 | J63: -0.37284023 | K63: -0.37898789 | L63: -0.39010182
A66: <Delta.v_2*Delta.v_3>
A67: t | B67: delta_t | C67: 0 | D67: 0.0001000017 | E67: 0.0002000034 | F67: 0.0003000051 | G67: 0.4 | H67: 0.8 | I67: 1.2 | J67: 1.75 | K67: 3.5 | L67: 5.25
A68: r | B68: 0 | C68: 0 | D68: 0 | E68: 0 | F68: 0 | G68: 0.0017948035 | H68: 0.0010278076 | I68: 0.001148691 | J68: 0.00011163158 | K68: 0.0016543323 | L68: 0.0017295246
A69: r | B69: 0.1 | C69: 0.0092093113 | D69: 0.0092093113 | E69: 0.0092093113 | F69: 0.0092093113 | G69: 0.010011276 | H69: 0.00845129 | I69: 0.0078635561 | J69: 0.0079760039 | K69: 0.0072866793 | L69: 0.0089923092
A70: r | B70: 0.2 | C70: 0.01721564 | D70: 0.01721564 | E70: 0.01721564 | F70: 0.01721564 | G70: 0.018146032 | H70: 0.016677262 | I70: 0.015979999 | J70: 0.015176531 | K70: 0.013372375 | L70: 0.015505693
A71: r | B71: 0.3 | C71: 0.025716271 | D71: 0.025716271 | E71: 0.025716271 | F71: 0.025716271 | G71: 0.025434553 | H71: 0.024245218 | I71: 0.023280416 | J71: 0.022315336 | K71: 0.01986641 | L71: 0.023182318
A72: r | B72: 0.4 | C72: 0.033222258 | D72: 0.033222258 | E72: 0.033222258 | F72: 0.033222258 | G72: 0.031905909 | H72: 0.032533329 | I72: 0.032123193 | J72: 0.030190242 | K72: 0.025904249 | L72: 0.031510291
A73: r | B73: 0.8 | C73: 0.056999756 | D73: 0.056999756 | E73: 0.056999756 | F73: 0.056999756 | G73: 0.057644573 | H73: 0.057083311 | I73: 0.05547792 | J73: 0.056081509 | K73: 0.050125452 | L73: 0.056766035
A74: r | B74: 1.2 | C74: 0.07293933 | D74: 0.07293933 | E74: 0.07293933 | F74: 0.07293933 | G74: 0.072982713 | H74: 0.072644001 | I74: 0.072535537 | J74: 0.071611338 | K74: 0.068971735 | L74: 0.070640793
A75: r | B75: 1.6 | C75: 0.079695839 | D75: 0.079695839 | E75: 0.079695839 | F75: 0.079695839 | G75: 0.079326721 | H75: 0.076020493 | I75: 0.07669646 | J75: 0.076109444 | K75: 0.074884074 | L75: 0.07521119
A78: <Delta.v_3*Delta.v_1>
A79: t | B79: delta_t | C79: 0 | D79: 0.0001000017 | E79: 0.0002000034 | F79: 0.0003000051 | G79: 0.4 | H79: 0.8 | I79: 1.2 | J79: 1.75 | K79: 3.5 | L79: 5.25
A80: r | B80: 0 | C80: 0 | D80: 0 | E80: 0 | F80: 0 | G80: -0.0051678546 | H80: -0.010455469 | I80: -0.016243439 | J80: -0.020036045 | K80: -0.014655028 | L80: -0.017662986
A81: r | B81: 0.1 | C81: 0.0012713624 | D81: 0.0012713624 | E81: 0.0012713624 | F81: 0.0012713624 | G81: -0.0052113179 | H81: -0.010810298 | I81: -0.016822014 | J81: -0.019654468 | K81: -0.014660514 | L81: -0.01737057
A82: r | B82: 0.2 | C82: 0.0011237455 | D82: 0.0011237455 | E82: 0.0011237455 | F82: 0.0011237455 | G82: -0.0047423302 | H82: -0.010573726 | I82: -0.01674628 | J82: -0.019783838 | K82: -0.014249452 | L82: -0.017290102
A83: r | B83: 0.3 | C83: 0.0010577532 | D83: 0.0010577532 | E83: 0.0010577532 | F83: 0.0010577532 | G83: -0.0042529084 | H83: -0.01046429 | I83: -0.016528621 | J83: -0.019141726 | K83: -0.014363484 | L83: -0.018032361
A84: r | B84: 0.4 | C84: 0.0011480587 | D84: 0.0011480587 | E84: 0.0011480587 | F84: 0.0011480587 | G84: -0.0043927399 | H84: -0.0101257 | I84: -0.015309974 | J84: -0.018235407 | K84: -0.014430948 | L84: -0.017378998
A85: r | B85: 0.8 | C85: 0.0025409912 | D85: 0.0025409912 | E85: 0.0025409912 | F85: 0.0025409912 | G85: -0.0028471664 | H85: -0.0074668749 | I85: -0.011713832 | J85: -0.014002288 | K85: -0.01363467 | L85: -0.017804979
A86: r | B86: 1.2 | C86: 0.0036060038 | D86: 0.0036060038 | E86: 0.0036060038 | F86: 0.0036060038 | G86: -0.00065822363 | H86: -0.0042572541 | I86: -0.0065533893 | J86: -0.010034474 | K86: -0.01184449 | L86: -0.016114385
A87: r | B87: 1.6 | C87: 0.0041737147 | D87: 0.0041737147 | E87: 0.0041737147 | F87: 0.0041737147 | G87: 0.0012737588 | H87: -0.0014700445 | I87: -0.0051862945 | J87: -0.0077122476 | K87: -0.010465696 | L87: -0.011822018
A90: <Delta.v_3*Delta.v_2>
A91: t | B91: delta_t | C91: 0 | D91: 0.0001000017 | E91: 0.0002000034 | F91: 0.0003000051 | G91: 0.4 | H91: 0.8 | I91: 1.2 | J91: 1.75 | K91: 3.5 | L91: 5.25
A92: r | B92: 0 | C92: 0 | D92: 0 | E92: 0 | F92: 0 | G92: 0.0010273972 | H92: -0.00018485754 | I92: 6.1004196e-05 | J92: -0.00032949141 | K92: 0.00011320825 | L92: 0.0003858272
A93: r | B93: 0.1 | C93: -0.0072239514 | D93: -0.0072239514 | E93: -0.0072239514 | F93: -0.0072239514 | G93: -0.0076708572 | H93: -0.0083872915 | I93: -0.0079248341 | J93: -0.0092221952 | K93: -0.0081949744 | L93: -0.0050567923
A94: r | B94: 0.2 | C94: -0.015943862 | D94: -0.015943862 | E94: -0.015943862 | F94: -0.015943862 | G94: -0.016690472 | H94: -0.016343991 | I94: -0.015570459 | J94: -0.017098275 | K94: -0.016414398 | L94: -0.010602989
A95: r | B95: 0.3 | C95: -0.023745482 | D95: -0.023745482 | E95: -0.023745482 | F95: -0.023745482 | G95: -0.023907983 | H95: -0.024321971 | I95: -0.023441114 | J95: -0.025007347 | K95: -0.023551071 | L95: -0.015996787
A96: r | B96: 0.4 | C96: -0.030530794 | D96: -0.030530794 | E96: -0.030530794 | F96: -0.030530794 | G96: -0.031779108 | H96: -0.0317657 | I96: -0.031448265 | J96: -0.03343274 | K96: -0.032570881 | L96: -0.021111848
A97: r | B97: 0.8 | C97: -0.055243498 | D97: -0.055243498 | E97: -0.055243498 | F97: -0.055243498 | G97: -0.057297102 | H97: -0.058185988 | I97: -0.057549024 | J97: -0.059252856 | K97: -0.060171252 | L97: -0.044816767
A98: r | B98: 1.2 | C98: -0.071652705 | D98: -0.071652705 | E98: -0.071652705 | F98: -0.071652705 | G98: -0.072504455 | H98: -0.073844816 | I98: -0.074819098 | J98: -0.077567424 | K98: -0.079520177 | L98: -0.061332565
A99: r | B99: 1.6 | C99: -0.07952769 | D99: -0.07952769 | E99: -0.07952769 | F99: -0.07952769 | G99: -0.079132162 | H99: -0.080095899 | I99: -0.081499048 | J99: -0.083993542 | K99: -0.087813004 | L99: -0.069944423
A102: <Delta.v_3*Delta.v_3>
A103: t | B103: delta_t | C103: 0 | D103: 0.0001000017 | E103: 0.0002000034 | F103: 0.0003000051 | G103: 0.4 | H103: 0.8 | I103: 1.2 | J103: 1.75 | K103: 3.5 | L103: 5.25
A104: r | B104: 0 | C104: 0 | D104: 0 | E104: 0 | F104: 0 | G104: -0.10078328 | H104: -0.14574697 | I104: -0.18573751 | J104: -0.23602626 | K104: -0.32945856 | L104: -0.37001672
A105: r | B105: 0.1 | C105: -0.057897098 | D105: -0.057897098 | E105: -0.057897098 | F105: -0.057897098 | G105: -0.10637625 | H105: -0.14970308 | I105: -0.18765677 | J105: -0.2385714 | K105: -0.33015019 | L105: -0.37091993
A106: r | B106: 0.2 | C106: -0.097168234 | D106: -0.097168234 | E106: -0.097168234 | F106: -0.097168234 | G106: -0.12020959 | H106: -0.15822356 | I106: -0.1943111 | J106: -0.24352914 | K106: -0.33274085 | L106: -0.37311002
A107: r | B107: 0.3 | C107: -0.12956605 | D107: -0.12956605 | E107: -0.12956605 | F107: -0.12956605 | G107: -0.14056121 | H107: -0.17161086 | I107: -0.20447264 | J107: -0.24917375 | K107: -0.33737825 | L107: -0.37620368
A108: r | B108: 0.4 | C108: -0.15887524 | D108: -0.15887524 | E108: -0.15887524 | F108: -0.15887524 | G108: -0.16437871 | H108: -0.18834194 | I108: -0.21736075 | J108: -0.25854612 | K108: -0.3423055 | L108: -0.38003576
A109: r | B109: 0.8 | C109: -0.2631586 | D109: -0.2631586 | E109: -0.2631586 | F109: -0.2631586 | G109: -0.26601014 | H109: -0.2723532 | I109: -0.28514539 | J109: -0.30877564 | K109: -0.36892394 | L109: -0.40507619
A110: r | B110: 1.2 | C110: -0.35079678 | D110: -0.35079678 | E110: -0.35079678 | F110: -0.35079678 | G110: -0.35321452 | H110: -0.35673324 | I110: -0.36018217 | J110: -0.37193002 | K110: -0.40569627 | L110: -0.4392966
A111: r | B111: 1.6 | C111: -0.42104516 | D111: -0.42104516 | E111: -0.42104516 | F111: -0.42104516 | G111: -0.42370659 | H111: -0.42412872 | I111: -0.42663005 | J111: -0.42675927 | K111: -0.44645651 | L111: -0.46785872
A120: <delta_t.v_1*delta_t.v_1>
A121: t | B121: delta_t | C121: 0 | D121: 0.0001000017 | E121: 0.0002000034 | F121: 0.0003000051 | G121: 0.4 | H121: 0.8 | I121: 1.2 | J121: 1.75 | K121: 3.5 | L121: 5.25
A122: r | B122: 0 | C122: 0 | D122: 0 | E122: 0 | F122: 0 | G122: 0 | H122: 0 | I122: 0 | J122: 0 | K122: 0 | L122: 0 | N122: =G121 -> 0.4 | O122: =H121 -> 0.8 | P122: =I121 -> 1.2 | Q122: =J121 -> 1.75 | R122: =K121 -> 3.5 | S122: =L121 -> 5.25
A123: r | B123: 0.1 | C123: -0.040894216 | D123: -0.040894216 | E123: -0.040894216 | F123: -0.040894216 | G123: -0.0018714531 | H123: -0.0028503337 | I123: -0.00087640174 | J123: -0.00070197322 | K123: -0.0002484298 | L123: 0.00021088366 | N123: =G123/$C123 -> 0.045763272 | O123: =H123/$C123 -> 0.069700167 | P123: =I123/$C123 -> 0.021430946 | Q123: =J123/$C123 -> 0.017165587 | R123: =K123/$C123 -> 0.0060749373 | S123: =L123/$C123 -> -0.0051568091
A124: r | B124: 0.2 | C124: -0.070231175 | D124: -0.070231175 | E124: -0.070231175 | F124: -0.070231175 | G124: -0.0095364923 | H124: -0.0057281429 | I124: -0.0036690374 | J124: -0.0021907078 | K124: -0.0013134622 | L124: -0.00082883048 | N124: =G124/$C124 -> 0.13578717 | O124: =H124/$C124 -> 0.081561257 | P124: =I124/$C124 -> 0.05224229 | Q124: =J124/$C124 -> 0.031192812 | R124: =K124/$C124 -> 0.018701982 | S124: =L124/$C124 -> 0.011801461
A125: r | B125: 0.3 | C125: -0.09447351 | D125: -0.09447351 | E125: -0.09447351 | F125: -0.09447351 | G125: -0.019305883 | H125: -0.012573223 | I125: -0.0075556004 | J125: -0.0043573105 | K125: -0.002129797 | L125: -0.001970146 | N125: =G125/$C125 -> 0.20435234 | O125: =H125/$C125 -> 0.13308728 | P125: =I125/$C125 -> 0.079975862 | Q125: =J125/$C125 -> 0.046122035 | R125: =K125/$C125 -> 0.022543854 | S125: =L125/$C125 -> 0.020853951
A126: r | B126: 0.4 | C126: -0.11604187 | D126: -0.11604187 | E126: -0.11604187 | F126: -0.11604187 | G126: -0.032083822 | H126: -0.019936625 | I126: -0.012756216 | J126: -0.0078764852 | K126: -0.0045239843 | L126: -0.0043606084 | N126: =G126/$C126 -> 0.27648488 | O126: =H126/$C126 -> 0.17180545 | P126: =I126/$C126 -> 0.1099277 | Q126: =J126/$C126 -> 0.067876236 | R126: =K126/$C126 -> 0.038985794 | S126: =L126/$C126 -> 0.037577889
A127: r | B127: 0.8 | C127: -0.18691773 | D127: -0.18691773 | E127: -0.18691773 | F127: -0.18691773 | G127: -0.091657708 | H127: -0.063589627 | I127: -0.042854828 | J127: -0.028670834 | K127: -0.016927461 | L127: -0.013327466 | N127: =G127/$C127 -> 0.49036391 | O127: =H127/$C127 -> 0.34020116 | P127: =I127/$C127 -> 0.22927107 | Q127: =J127/$C127 -> 0.15338745 | R127: =K127/$C127 -> 0.090561023 | S127: =L127/$C127 -> 0.071301243
A128: r | B128: 1.2 | C128: -0.24296243 | D128: -0.24296243 | E128: -0.24296243 | F128: -0.24296243 | G128: -0.14537213 | H128: -0.10803785 | I128: -0.081895028 | J128: -0.054786938 | K128: -0.033364986 | L128: -0.027909094 | N128: =G128/$C128 -> 0.59833172 | O128: =H128/$C128 -> 0.44466896 | P128: =I128/$C128 -> 0.3370687 | Q128: =J128/$C128 -> 0.22549552 | R128: =K128/$C128 -> 0.1373257 | S128: =L128/$C128 -> 0.11487
...

Sheet Итог
A2: delta_t(v_L)delta_t(v_L)_norm | C2: =_1_0!N122 -> 0 | D2: =_1_0!O122 -> 0.05 | E2: =_1_0!P122 -> 0.1 | F2: =_1_0!Q122 -> 0.15 | G2: =_1_0!R122 -> 0.5 | H2: =_1_0!S122 -> 1 | I2: =_1_0!T122 -> 1.5 | J2: =_1_0!U122 -> 2.5 | ... L2: =_1_0!W122 -> 7.5 | M2: =_1_1!O122 -> 0.03 | N2: =_1_1!P122 -> 0.05999999 | O2: =_1_1!Q122 -> 0.08999999 | P2: =_1_1!R122 -> 0.3 | Q2: =_1_1!S122 -> 0.6 | R2: =_1_1!T122 -> 0.9 | S2: =_1_1!U122 -> 2 | T2: =_1_1!V122 -> 4 | U2: =_1_1!W122 -> 6 | V2: ='1_2'!N122 -> 0.4 | W2: ='1_2'!O122 -> 0.8 | X2: ='1_2'!P122 -> 1.2 | Y2: ='1_2'!Q122 -> 1.75 | Z2: ='1_2'!R122 -> 3.5 | AA2: ='1_2'!S122 -> 5.25
B3: =_1_0!B123 -> 0.1 | C3: =_1_0!N123 -> 1 | D3: =_1_0!O123 -> 0.46402379 | E3: =_1_0!P123 -> 0.22443926 | F3: =_1_0!Q123 -> 0.13958908 | G3: =_1_0!R123 -> 0.054033398 | H3: =_1_0!S123 -> 0.030889986 | I3: =_1_0!T123 -> 0.020075335 | J3: =_1_0!U123 -> -0.00024516436 | ... L3: =_1_0!W123 -> -0.00058348782 | M3: =_1_1!O123 -> 0.6728238 | N3: =_1_1!P123 -> 0.40185353 | O3: =_1_1!Q123 -> 0.26749458 | P3: =_1_1!R123 -> 0.071272589 | Q3: =_1_1!S123 -> 0.059853168 | R3: =_1_1!T123 -> 0.02740771 | S3: =_1_1!U123 -> 0.0068716339 | T3: =_1_1!V123 -> 0.0048748621 | U3: =_1_1!W123 -> 0.00089127183 | V3: ='1_2'!N123 -> 0.045763272 | W3: ='1_2'!O123 -> 0.069700167 | X3: ='1_2'!P123 -> 0.021430946 | Y3: ='1_2'!Q123 -> 0.017165587 | Z3: ='1_2'!R123 -> 0.0060749373 | AA3: ='1_2'!S123 -> -0.0051568091
B4: =_1_0!B124 -> 0.2 | C4: =_1_0!N124 -> 1 | D4: =_1_0!O124 -> 0.64992521 | E4: =_1_0!P124 -> 0.41435578 | F4: =_1_0!Q124 -> 0.29559345 | G4: =_1_0!R124 -> 0.10627867 | H4: =_1_0!S124 -> 0.068002021 | I4: =_1_0!T124 -> 0.032329262 | J4: =_1_0!U124 -> 0.008737178 | ... L4: =_1_0!W124 -> 0.0032232547 | M4: =_1_1!O124 -> 0.79434197 | N4: =_1_1!P124 -> 0.58934008 | O4: =_1_1!Q124 -> 0.45459158 | P4: =_1_1!R124 -> 0.15692686 | Q4: =_1_1!S124 -> 0.099034915 | R4: =_1_1!T124 -> 0.067380021 | S4: =_1_1!U124 -> 0.032037358 | T4: =_1_1!V124 -> 0.022338974 | U4: =_1_1!W124 -> 0.01357708 | V4: ='1_2'!N124 -> 0.13578717 | W4: ='1_2'!O124 -> 0.081561257 | X4: ='1_2'!P124 -> 0.05224229 | Y4: ='1_2'!Q124 -> 0.031192812 | Z4: ='1_2'!R124 -> 0.018701982 | AA4: ='1_2'!S124 -> 0.011801461
B5: =_1_0!B125 -> 0.3 | C5: =_1_0!N125 -> 1 | D5: =_1_0!O125 -> 0.72769234 | E5: =_1_0!P125 -> 0.53701469 | F5: =_1_0!Q125 -> 0.41764198 | G5: =_1_0!R125 -> 0.17341297 | H5: =_1_0!S125 -> 0.099265311 | I5: =_1_0!T125 -> 0.048826813 | J5: =_1_0!U125 -> 0.018602438 | ... L5: =_1_0!W125 -> 0.0033793366 | M5: =_1_1!O125 -> 0.84256922 | N5: =_1_1!P125 -> 0.68290845 | O5: =_1_1!Q125 -> 0.57164773 | P5: =_1_1!R125 -> 0.24876221 | Q5: =_1_1!S125 -> 0.15090238 | R5: =_1_1!T125 -> 0.10904683 | S5: =_1_1!U125 -> 0.044264821 | T5: =_1_1!V125 -> 0.026410802 | U5: =_1_1!W125 -> 0.016903082 | V5: ='1_2'!N125 -> 0.20435234 | W5: ='1_2'!O125 -> 0.13308728 | X5: ='1_2'!P125 -> 0.079975862 | Y5: ='1_2'!Q125 -> 0.046122035 | Z5: ='1_2'!R125 -> 0.022543854 | AA5: ='1_2'!S125 -> 0.020853951
B6: =_1_0!B126 -> 0.4 | C6: =_1_0!N126 -> 1 | D6: =_1_0!O126 -> 0.77656752 | E6: =_1_0!P126 -> 0.60850239 | F6: =_1_0!Q126 -> 0.50324927 | G6: =_1_0!R126 -> 0.23165717 | H6: =_1_0!S126 -> 0.13424135 | I6: =_1_0!T126 -> 0.0761418 | J6: =_1_0!U126 -> 0.033846202 | ... L6: =_1_0!W126 -> 0.0077240563 | M6: =_1_1!O126 -> 0.8718769 | N6: =_1_1!P126 -> 0.73850002 | O6: =_1_1!Q126 -> 0.64264326 | P6: =_1_1!R126 -> 0.32717521 | Q6: =_1_1!S126 -> 0.20872182 | R6: =_1_1!T126 -> 0.15034186 | S6: =_1_1!U126 -> 0.064399192 | T6: =_1_1!V126 -> 0.037179229 | U6: =_1_1!W126 -> 0.022996285 | V6: ='1_2'!N126 -> 0.27648488 | W6: ='1_2'!O126 -> 0.17180545 | X6: ='1_2'!P126 -> 0.1099277 | Y6: ='1_2'!Q126 -> 0.067876236 | Z6: ='1_2'!R126 -> 0.038985794 | AA6: ='1_2'!S126 -> 0.037577889
B7: =_1_0!B127 -> 0.8 | C7: =_1_0!N127 -> 1 | D7: =_1_0!O127 -> 0.85999729 | E7: =_1_0!P127 -> 0.75557119 | F7: =_1_0!Q127 -> 0.68298181 | G7: =_1_0!R127 -> 0.42636614 | H7: =_1_0!S127 -> 0.27488108 | I7: =_1_0!T127 -> 0.1773438 | J7: =_1_0!U127 -> 0.071906346 | ... L7: =_1_0!W127 -> 0.032194131 | M7: =_1_1!O127 -> 0.91791752 | N7: =_1_1!P127 -> 0.83420982 | O7: =_1_1!Q127 -> 0.7726359 | P7: =_1_1!R127 -> 0.5394074 | Q7: =_1_1!S127 -> 0.38885582 | R7: =_1_1!T127 -> 0.29795489 | S7: =_1_1!U127 -> 0.13589981 | T7: =_1_1!V127 -> 0.080558413 | U7: =_1_1!W127 -> 0.059394463 | V7: ='1_2'!N127 -> 0.49036391 | W7: ='1_2'!O127 -> 0.34020116 | X7: ='1_2'!P127 -> 0.22927107 | Y7: ='1_2'!Q127 -> 0.15338745 | Z7: ='1_2'!R127 -> 0.090561023 | AA7: ='1_2'!S127 -> 0.071301243
B8: =_1_0!B128 -> 1.2 | C8: =_1_0!N128 -> 1 | D8: =_1_0!O128 -> 0.8943672 | E8: =_1_0!P128 -> 0.8140183 | F8: =_1_0!Q128 -> 0.75914961 | G8: =_1_0!R128 -> 0.5478866 | H8: =_1_0!S128 -> 0.38405783 | I8: =_1_0!T128 -> 0.26774908 | J8: =_1_0!U128 -> 0.12640462 | ... L8: =_1_0!W128 -> 0.056789204 | M8: =_1_1!O128 -> 0.93879927 | N8: =_1_1!P128 -> 0.87430559 | O8: =_1_1!Q128 -> 0.82642328 | P8: =_1_1!R128 -> 0.64402122 | Q8: =_1_1!S128 -> 0.50422435 | R8: =_1_1!T128 -> 0.40632052 | S8: =_1_1!U128 -> 0.19358304 | T8: =_1_1!V128 -> 0.12877903 | U8: =_1_1!W128 -> 0.091499454 | V8: ='1_2'!N128 -> 0.59833172 | W8: ='1_2'!O128 -> 0.44466896 | X8: ='1_2'!P128 -> 0.3370687 | Y8: ='1_2'!Q128 -> 0.22549552 | Z8: ='1_2'!R128 -> 0.1373257 | AA8: ='1_2'!S128 -> 0.11487
B9: =_1_0!B129 -> 1.6 | C9: =_1_0!N129 -> 1 | D9: =_1_0!O129 -> 0.90978327 | E9: =_1_0!P129 -> 0.84101597 | F9: =_1_0!Q129 -> 0.79458803 | G9: =_1_0!R129 -> 0.61192747 | H9: =_1_0!S129 -> 0.46057471 | I9: =_1_0!T129 -> 0.33854542 | J9: =_1_0!U129 -> 0.17451545 | ... L9: =_1_0!W129 -> 0.075297121 | M9: =_1_1!O129 -> 0.94703206 | N9: =_1_1!P129 -> 0.89183966 | O9: =_1_1!Q129 -> 0.85295218 | P9: =_1_1!R129 -> 0.6946526 | Q9: =_1_1!S129 -> 0.57542468 | R9: =_1_1!T129 -> 0.48295029 | S9: =_1_1!U129 -> 0.24943434 | T9: =_1_1!V129 -> 0.1695048 | U9: =_1_1!W129 -> 0.12392258 | V9: ='1_2'!N129 -> 0.65734286 | W9: ='1_2'!O129 -> 0.5243209 | X9: ='1_2'!P129 -> 0.40720314 | Y9: ='1_2'!Q129 -> 0.28998692 | Z9: ='1_2'!R129 -> 0.18144716 | AA9: ='1_2'!S129 -> 0.14344427
A11: delta_t(v_L)delta_t(v_L)_norm_ord | C11: =C2 -> 0 | D11: =M2 -> 0.03 | E11: =D2 -> 0.05 | F11: =N2 -> 0.05999999 | G11: =O2 -> 0.08999999 | H11: =E2 -> 0.1 | I11: =F2 -> 0.15 | J11: =P2 -> 0.3 | K11: =V2 -> 0.4 | L11: =G2 -> 0.5 | M11: =Q2 -> 0.6 | N11: =W2 -> 0.8 | O11: =R2 -> 0.9 | P11: =H2 -> 1 | Q11: =X2 -> 1.2 | R11: =I2 -> 1.5 | S11: =Y2 -> 1.75 | T11: =S2 -> 2 | U11: =J2 -> 2.5 | V11: =Z2 -> 3.5 | W11: =T2 -> 4 | X11: =K2 -> 5 | Y11: =AA2 -> 5.25 | Z11: =U2 -> 6 | AA11: =L2 -> 7.5
B12: =B3 -> 0.1 | C12: =C3 -> 1 | D12: =M3 -> 0.6728238 | E12: =D3 -> 0.46402379 | F12: =N3 -> 0.40185353 | G12: =O3 -> 0.26749458 | H12: =E3 -> 0.22443926 | I12: =F3 -> 0.13958908 | J12: =P3 -> 0.071272589 | K12: =V3 -> 0.045763272 | L12: =G3 -> 0.054033398 | M12: =Q3 -> 0.059853168 | N12: =W3 -> 0.069700167 | O12: =R3 -> 0.02740771 | P12: =H3 -> 0.030889986 | Q12: =X3 -> 0.021430946 | R12: =I3 -> 0.020075335 | S12: =Y3 -> 0.017165587 | T12: =S3 -> 0.0068716339 | U12: =J3 -> -0.00024516436 | V12: =Z3 -> 0.0060749373 | W12: =T3 -> 0.0048748621 | X12: =K3 -> 0.0078558775 | Y12: =AA3 -> -0.0051568091 | Z12: =U3 -> 0.00089127183 | AA12: =L3 -> -0.00058348782
B13: =B4 -> 0.2 | C13: =C4 -> 1 | D13: =M4 -> 0.79434197 | E13: =D4 -> 0.64992521 | F13: =N4 -> 0.58934008 | G13: =O4 -> 0.45459158 | H13: =E4 -> 0.41435578 | I13: =F4 -> 0.29559345 | J13: =P4 -> 0.15692686 | K13: =V4 -> 0.13578717 | L13: =G4 -> 0.10627867 | M13: =Q4 -> 0.099034915 | N13: =W4 -> 0.081561257 | O13: =R4 -> 0.067380021 | P13: =H4 -> 0.068002021 | Q13: =X4 -> 0.05224229 | R13: =I4 -> 0.032329262 | S13: =Y4 -> 0.031192812 | T13: =S4 -> 0.032037358 | U13: =J4 -> 0.008737178 | V13: =Z4 -> 0.018701982 | W13: =T4 -> 0.022338974 | X13: =K4 -> 0.010814572 | Y13: =AA4 -> 0.011801461 | Z13: =U4 -> 0.01357708 | AA13: =L4 -> 0.0032232547
B14: =B5 -> 0.3 | C14: =C5 -> 1 | D14: =M5 -> 0.84256922 | E14: =D5 -> 0.72769234 | F14: =N5 -> 0.68290845 | G14: =O5 -> 0.57164773 | H14: =E5 -> 0.53701469 | I14: =F5 -> 0.41764198 | J14: =P5 -> 0.24876221 | K14: =V5 -> 0.20435234 | L14: =G5 -> 0.17341297 | M14: =Q5 -> 0.15090238 | N14: =W5 -> 0.13308728 | O14: =R5 -> 0.10904683 | P14: =H5 -> 0.099265311 | Q14: =X5 -> 0.079975862 | R14: =I5 -> 0.048826813 | S14: =Y5 -> 0.046122035 | T14: =S5 -> 0.044264821 | U14: =J5 -> 0.018602438 | V14: =Z5 -> 0.022543854 | W14: =T5 -> 0.026410802 | X14: =K5 -> 0.020630328 | Y14: =AA5 -> 0.020853951 | Z14: =U5 -> 0.016903082 | AA14: =L5 -> 0.0033793366
B15: =B6 -> 0.4 | C15: =C6 -> 1 | D15: =M6 -> 0.8718769 | E15: =D6 -> 0.77656752 | F15: =N6 -> 0.73850002 | G15: =O6 -> 0.64264326 | H15: =E6 -> 0.60850239 | I15: =F6 -> 0.50324927 | J15: =P6 -> 0.32717521 | K15: =V6 -> 0.27648488 | L15: =G6 -> 0.23165717 | M15: =Q6 -> 0.20872182 | N15: =W6 -> 0.17180545 | O15: =R6 -> 0.15034186 | P15: =H6 -> 0.13424135 | Q15: =X6 -> 0.1099277 | R15: =I6 -> 0.0761418 | S15: =Y6 -> 0.067876236 | T15: =S6 -> 0.064399192 | U15: =J6 -> 0.033846202 | V15: =Z6 -> 0.038985794 | W15: =T6 -> 0.037179229 | X15: =K6 -> 0.026368548 | Y15: =AA6 -> 0.037577889 | Z15: =U6 -> 0.022996285 | AA15: =L6 -> 0.0077240563
B16: =B7 -> 0.8 | C16: =C7 -> 1 | D16: =M7 -> 0.91791752 | E16: =D7 -> 0.85999729 | F16: =N7 -> 0.83420982 | G16: =O7 -> 0.7726359 | H16: =E7 -> 0.75557119 | I16: =F7 -> 0.68298181 | J16: =P7 -> 0.5394074 | K16: =V7 -> 0.49036391 | L16: =G7 -> 0.42636614 | M16: =Q7 -> 0.38885582 | N16: =W7 -> 0.34020116 | O16: =R7 -> 0.29795489 | P16: =H7 -> 0.27488108 | Q16: =X7 -> 0.22927107 | R16: =I7 -> 0.1773438 | S16: =Y7 -> 0.15338745 | T16: =S7 -> 0.13589981 | U16: =J7 -> 0.071906346 | V16: =Z7 -> 0.090561023 | W16: =T7 -> 0.080558413 | X16: =K7 -> 0.071322677 | Y16: =AA7 -> 0.071301243 | Z16: =U7 -> 0.059394463 | AA16: =L7 -> 0.032194131
B17: =B8 -> 1.2 | C17: =C8 -> 1 | D17: =M8 -> 0.93879927 | E17: =D8 -> 0.8943672 | F17: =N8 -> 0.87430559 | G17: =O8 -> 0.82642328 | H17: =E8 -> 0.8140183 | I17: =F8 -> 0.75914961 | J17: =P8 -> 0.64402122 | K17: =V8 -> 0.59833172 | L17: =G8 -> 0.5478866 | M17: =Q8 -> 0.50422435 | N17: =W8 -> 0.44466896 | O17: =R8 -> 0.40632052 | P17: =H8 -> 0.38405783 | Q17: =X8 -> 0.3370687 | R17: =I8 -> 0.26774908 | S17: =Y8 -> 0.22549552 | T17: =S8 -> 0.19358304 | U17: =J8 -> 0.12640462 | V17: =Z8 -> 0.1373257 | W17: =T8 -> 0.12877903 | X17: =K8 -> 0.1136948 | Y17: =AA8 -> 0.11487 | Z17: =U8 -> 0.091499454 | AA17: =L8 -> 0.056789204
B18: =B9 -> 1.6 | C18: =C9 -> 1 | D18: =M9 -> 0.94703206 | E18: =D9 -> 0.90978327 | F18: =N9 -> 0.89183966 | G18: =O9 -> 0.85295218 | H18: =E9 -> 0.84101597 | I18: =F9 -> 0.79458803 | J18: =P9 -> 0.6946526 | K18: =V9 -> 0.65734286 | L18: =G9 -> 0.61192747 | M18: =Q9 -> 0.57542468 | N18: =W9 -> 0.5243209 | O18: =R9 -> 0.48295029 | P18: =H9 -> 0.46057471 | Q18: =X9 -> 0.40720314 | R18: =I9 -> 0.33854542 | S18: =Y9 -> 0.28998692 | T18: =S9 -> 0.24943434 | U18: =J9 -> 0.17451545 | V18: =Z9 -> 0.18144716 | W18: =T9 -> 0.1695048 | X18: =K9 -> 0.15237443 | Y18: =AA9 -> 0.14344427 | Z18: =U9 -> 0.12392258 | AA18: =L9 -> 0.075297121
AC19: r | AD19: t_corr | AF19: r | AG19: t_corr^3/2
A20: INTEGRAL_LL | B20: =B12 -> 0.1 | C20: =(C12+D12)*(D$11-C$11)/2 -> 0.025092357 | D20: =(D12+E12)*(E$11-D$11)/2 -> 0.011368476 | E20: =(E12+F12)*(F$11-E$11)/2 -> 0.0043293823 | F20: =(F12+G12)*(G$11-F$11)/2 -> 0.010040222 | G20: =(G12+H12)*(H$11-G$11)/2 -> 0.0024596717 | H20: =(H12+I12)*(I$11-H$11)/2 -> 0.0091007087 | I20: =(I12+J12)*(J$11-I$11)/2 -> 0.015814625 | J20: =(J12+K12)*(K$11-J$11)/2 -> 0.005851793 | ... AA20: =(AA12+AB12)*(AB$11-AA$11)/2 -> 0.0021880793 | AC20: =B12 -> 0.1 | AD20: =SUM(C20,D20,E20,F20,G20,H20,I20,J20,K20,L20,M20,N20,O20,P20,Q20,R20,S20,T20,U20,V20,W20,X20,Y20,Z20,AA20) -> 0.14941586 | AF20: =AC20 -> 0.1 | AG20: =POWER(AD20,1.5) -> 0.057755726
B21: =B13 -> 0.2 | C21: =(C13+D13)*(D$11-C$11)/2 -> 0.02691513 | D21: =(D13+E13)*(E$11-D$11)/2 -> 0.014442672 | E21: =(E13+F13)*(F$11-E$11)/2 -> 0.0061963203 | F21: =(F13+G13)*(G$11-F$11)/2 -> 0.015658975 | G21: =(G13+H13)*(H$11-G$11)/2 -> 0.0043447411 | H21: =(H13+I13)*(I$11-H$11)/2 -> 0.017748731 | I21: =(I13+J13)*(J$11-I$11)/2 -> 0.033939023 | J21: =(J13+K13)*(K$11-J$11)/2 -> 0.014635701 | ... AA21: =(AA13+AB13)*(AB$11-AA$11)/2 -> -0.012087205 | AC21: =B13 -> 0.2 | AD21: =SUM(C21,D21,E21,F21,G21,H21,I21,J21,K21,L21,M21,N21,O21,P21,Q21,R21,S21,T21,U21,V21,W21,X21,Y21,Z21,AA21) -> 0.29268747 | AF21: =AC21 -> 0.2 | AG21: =POWER(AD21,1.5) -> 0.15834567
B22: =B14 -> 0.3 | C22: =(C14+D14)*(D$11-C$11)/2 -> 0.027638538 | D22: =(D14+E14)*(E$11-D$11)/2 -> 0.015702616 | E22: =(E14+F14)*(F$11-E$11)/2 -> 0.0070529969 | F22: =(F14+G14)*(G$11-F$11)/2 -> 0.018818343 | G22: =(G14+H14)*(H$11-G$11)/2 -> 0.0055433177 | H22: =(H14+I14)*(I$11-H$11)/2 -> 0.023866417 | I22: =(I14+J14)*(J$11-I$11)/2 -> 0.049980314 | J22: =(J14+K14)*(K$11-J$11)/2 -> 0.022655727 | ... AA22: =(AA14+AB14)*(AB$11-AA$11)/2 -> -0.012672512 | AC22: =B14 -> 0.3 | AD22: =SUM(C22,D22,E22,F22,G22,H22,I22,J22,K22,L22,M22,N22,O22,P22,Q22,R22,S22,T22,U22,V22,W22,X22,Y22,Z22,AA22) -> 0.41162798 | AF22: =AC22 -> 0.3 | AG22: =POWER(AD22,1.5) -> 0.26409327
B23: =B15 -> 0.4 | C23: =(C15+D15)*(D$11-C$11)/2 -> 0.028078153 | D23: =(D15+E15)*(E$11-D$11)/2 -> 0.016484444 | E23: =(E15+F15)*(F$11-E$11)/2 -> 0.0075753301 | F23: =(F15+G15)*(G$11-F$11)/2 -> 0.020717149 | G23: =(G15+H15)*(H$11-G$11)/2 -> 0.0062557345 | H23: =(H15+I15)*(I$11-H$11)/2 -> 0.027793792 | I23: =(I15+J15)*(J$11-I$11)/2 -> 0.062281836 | J23: =(J15+K15)*(K$11-J$11)/2 -> 0.030183005 | ... AA23: =(AA15+AB15)*(AB$11-AA$11)/2 -> -0.028965211 | AC23: =B15 -> 0.4 | AD23: =SUM(C23,D23,E23,F23,G23,H23,I23,J23,K23,L23,M23,N23,O23,P23,Q23,R23,S23,T23,U23,V23,W23,X23,Y23,Z23,AA23) -> 0.53862492 | AF23: =AC23 -> 0.4 | AG23: =POWER(AD23,1.5) -> 0.39530259
B24: =B16 -> 0.8 | C24: =(C16+D16)*(D$11-C$11)/2 -> 0.028768763 | D24: =(D16+E16)*(E$11-D$11)/2 -> 0.017779148 | E24: =(E16+F16)*(F$11-E$11)/2 -> 0.0084710271 | F24: =(F16+G16)*(G$11-F$11)/2 -> 0.024102686 | G24: =(G16+H16)*(H$11-G$11)/2 -> 0.0076410431 | H24: =(H16+I16)*(I$11-H$11)/2 -> 0.035963825 | I24: =(I16+J16)*(J$11-I$11)/2 -> 0.09167919 | J24: =(J16+K16)*(K$11-J$11)/2 -> 0.051488565 | ... AA24: =(AA16+AB16)*(AB$11-AA$11)/2 -> -0.12072799 | AC24: =B16 -> 0.8 | AD24: =SUM(C24,D24,E24,F24,G24,H24,I24,J24,K24,L24,M24,N24,O24,P24,Q24,R24,S24,T24,U24,V24,W24,X24,Y24,Z24,AA24) -> 0.94156487 | AF24: =AC24 -> 0.8 | AG24: =POWER(AD24,1.5) -> 0.91364056
B25: =B17 -> 1.2 | C25: =(C17+D17)*(D$11-C$11)/2 -> 0.029081989 | D25: =(D17+E17)*(E$11-D$11)/2 -> 0.018331665 | E25: =(E17+F17)*(F$11-E$11)/2 -> 0.0088433551 | F25: =(F17+G17)*(G$11-F$11)/2 -> 0.025510933 | G25: =(G17+H17)*(H$11-G$11)/2 -> 0.0082022161 | H25: =(H17+I17)*(I$11-H$11)/2 -> 0.039329198 | I25: =(I17+J17)*(J$11-I$11)/2 -> 0.10523781 | J25: =(J17+K17)*(K$11-J$11)/2 -> 0.062117647 | ... AA25: =(AA17+AB17)*(AB$11-AA$11)/2 -> -0.21295951 | AC25: =B17 -> 1.2 | AD25: =SUM(C25,D25,E25,F25,G25,H25,I25,J25,K25,L25,M25,N25,O25,P25,Q25,R25,S25,T25,U25,V25,W25,X25,Y25,Z25,AA25) -> 1.264246 | AF25: =AC25 -> 1.2 | AG25: =POWER(AD25,1.5) -> 1.4215017
B26: =B18 -> 1.6 | C26: =(C18+D18)*(D$11-C$11)/2 -> 0.029205481 | D26: =(D18+E18)*(E$11-D$11)/2 -> 0.018568153 | E26: =(E18+F18)*(F$11-E$11)/2 -> 0.0090081056 | F26: =(F18+G18)*(G$11-F$11)/2 -> 0.026171878 | G26: =(G18+H18)*(H$11-G$11)/2 -> 0.0084698492 | H26: =(H18+I18)*(I$11-H$11)/2 -> 0.0408901 | I26: =(I18+J18)*(J$11-I$11)/2 -> 0.11169305 | J26: =(J18+K18)*(K$11-J$11)/2 -> 0.067599773 | ... AA26: =(AA18+AB18)*(AB$11-AA$11)/2 -> -0.28236421 | AC26: =B18 -> 1.6 | AD26: =SUM(C26,D26,E26,F26,G26,H26,I26,J26,K26,L26,M26,N26,O26,P26,Q26,R26,S26,T26,U26,V26,W26,X26,Y26,Z26,AA26) -> 1.523523 | AF26: =AC26 -> 1.6 | AG26: =POWER(AD26,1.5) -> 1.8805008
A30: delta_t(v_T)delta_t(v_T)_norm | C30: =C2 -> 0 | D30: =D2 -> 0.05 | E30: =E2 -> 0.1 | F30: =F2 -> 0.15 | G30: =G2 -> 0.5 | H30: =H2 -> 1 | I30: =I2 -> 1.5 | J30: =J2 -> 2.5 | ... AA30: =AA2 -> 5.25
B31: =B3 -> 0.1 | C31: =_1_0!N171 -> 1 | D31: =_1_0!O171 -> 0.56694116 | E31: =_1_0!P171 -> 0.30138182 | F31: =_1_0!Q171 -> 0.20075994 | G31: =_1_0!R171 -> 0.062973036 | H31: =_1_0!S171 -> 0.03835498 | I31: =_1_0!T171 -> 0.013774827 | J31: =_1_0!U171 -> 0.0043105146 | ... L31: =_1_0!W171 -> -0.00973462 | M31: =_1_1!O171 -> 0.74660073 | N31: =_1_1!P171 -> 0.4940344 | O31: =_1_1!Q171 -> 0.33277892 | P31: =_1_1!R171 -> 0.095356504 | Q31: =_1_1!S171 -> 0.052751853 | R31: =_1_1!T171 -> 0.044432912 | S31: =_1_1!U171 -> 0.02801903 | T31: =_1_1!V171 -> 0.010727137 | U31: =_1_1!W171 -> 0.00038621543 | V31: ='1_2'!N171 -> 0.066802551 | W31: ='1_2'!O171 -> 0.052764064 | X31: ='1_2'!P171 -> 0.047416547 | Y31: ='1_2'!Q171 -> -0.0015195286 | Z31: ='1_2'!R171 -> 0.01898554 | AA31: ='1_2'!S171 -> 0.0083288275
B32: =B4 -> 0.2 | C32: =_1_0!N172 -> 1 | D32: =_1_0!O172 -> 0.73343601 | E32: =_1_0!P172 -> 0.53073086 | F32: =_1_0!Q172 -> 0.40355086 | G32: =_1_0!R172 -> 0.15326925 | H32: =_1_0!S172 -> 0.083584508 | I32: =_1_0!T172 -> 0.036409722 | J32: =_1_0!U172 -> 0.019011439 | ... L32: =_1_0!W172 -> 0.0052796449 | M32: =_1_1!O172 -> 0.84903979 | N32: =_1_1!P172 -> 0.6840402 | O32: =_1_1!Q172 -> 0.56389585 | P32: =_1_1!R172 -> 0.22657578 | Q32: =_1_1!S172 -> 0.12760017 | R32: =_1_1!T172 -> 0.10107824 | S32: =_1_1!U172 -> 0.041612947 | T32: =_1_1!V172 -> 0.019764903 | U32: =_1_1!W172 -> 0.0046911196 | V32: ='1_2'!N172 -> 0.18182034 | W32: ='1_2'!O172 -> 0.10918855 | X32: ='1_2'!P172 -> 0.068609491 | Y32: ='1_2'!Q172 -> 0.029219198 | Z32: ='1_2'!R172 -> 0.01459013 | AA32: ='1_2'!S172 -> 0.029313486
B33: =B5 -> 0.3 | C33: =_1_0!N173 -> 1 | D33: =_1_0!O173 -> 0.79913322 | E33: =_1_0!P173 -> 0.64035631 | F33: =_1_0!Q173 -> 0.53682919 | G33: =_1_0!R173 -> 0.24105098 | H33: =_1_0!S173 -> 0.13319032 | I33: =_1_0!T173 -> 0.076408847 | J33: =_1_0!U173 -> 0.031554146 | ... L33: =_1_0!W173 -> 0.0080465435 | M33: =_1_1!O173 -> 0.88340468 | N33: =_1_1!P173 -> 0.76132288 | O33: =_1_1!Q173 -> 0.66886003 | P33: =_1_1!R173 -> 0.34434311 | Q33: =_1_1!S173 -> 0.21182599 | R33: =_1_1!T173 -> 0.14983836 | S33: =_1_1!U173 -> 0.062826978 | T33: =_1_1!V173 -> 0.033148706 | U33: =_1_1!W173 -> 0.013435099 | V33: ='1_2'!N173 -> 0.28266885 | W33: ='1_2'!O173 -> 0.16717033 | X33: ='1_2'!P173 -> 0.11184727 | Y33: ='1_2'!Q173 -> 0.064083145 | Z33: ='1_2'!R173 -> 0.026062169 | AA33: ='1_2'!S173 -> 0.034665403
B34: =B6 -> 0.4 | C34: =_1_0!N174 -> 1 | D34: =_1_0!O174 -> 0.83536001 | E34: =_1_0!P174 -> 0.71030724 | F34: =_1_0!Q174 -> 0.62021796 | G34: =_1_0!R174 -> 0.32641155 | H34: =_1_0!S174 -> 0.18759018 | I34: =_1_0!T174 -> 0.10942437 | J34: =_1_0!U174 -> 0.047613245 | ... L34: =_1_0!W174 -> 0.012152044 | M34: =_1_1!O174 -> 0.90603718 | N34: =_1_1!P174 -> 0.8038022 | O34: =_1_1!Q174 -> 0.72568332 | P34: =_1_1!R174 -> 0.44053226 | Q34: =_1_1!S174 -> 0.28547592 | R34: =_1_1!T174 -> 0.20734745 | S34: =_1_1!U174 -> 0.0808275 | T34: =_1_1!V174 -> 0.047382801 | U34: =_1_1!W174 -> 0.024792081 | V34: ='1_2'!N174 -> 0.37934969 | W34: ='1_2'!O174 -> 0.23190985 | X34: ='1_2'!P174 -> 0.15108842 | Y34: ='1_2'!Q174 -> 0.091932505 | Z34: ='1_2'!R174 -> 0.052739829 | AA34: ='1_2'!S174 -> 0.045848946
B35: =B7 -> 0.8 | C35: =_1_0!N175 -> 1 | D35: =_1_0!O175 -> 0.89722931 | E35: =_1_0!P175 -> 0.81652891 | F35: =_1_0!Q175 -> 0.76101004 | G35: =_1_0!R175 -> 0.54252081 | H35: =_1_0!S175 -> 0.36731465 | I35: =_1_0!T175 -> 0.24670846 | J35: =_1_0!U175 -> 0.11875675 | ... L35: =_1_0!W175 -> 0.037109321 | M35: =_1_1!O175 -> 0.93965554 | N35: =_1_1!P175 -> 0.87589291 | O35: =_1_1!Q175 -> 0.82704049 | P35: =_1_1!R175 -> 0.64330768 | Q35: =_1_1!S175 -> 0.50082238 | R35: =_1_1!T175 -> 0.39391227 | S35: =_1_1!U175 -> 0.17475446 | T35: =_1_1!V175 -> 0.12797547 | U35: =_1_1!W175 -> 0.07702112 | V35: ='1_2'!N175 -> 0.59319976 | W35: ='1_2'!O175 -> 0.43147764 | X35: ='1_2'!P175 -> 0.3180388 | Y35: ='1_2'!Q175 -> 0.20967976 | Z35: ='1_2'!R175 -> 0.1305432 | AA35: ='1_2'!S175 -> 0.095259034
B36: =B8 -> 1.2 | C36: =_1_0!N176 -> 1 | D36: =_1_0!O176 -> 0.9213021 | E36: =_1_0!P176 -> 0.85816236 | F36: =_1_0!Q176 -> 0.81507411 | G36: =_1_0!R176 -> 0.64334212 | H36: =_1_0!S176 -> 0.48883154 | I36: =_1_0!T176 -> 0.3579951 | J36: =_1_0!U176 -> 0.19417521 | ... L36: =_1_0!W176 -> 0.055815159 | M36: =_1_1!O176 -> 0.95452784 | N36: =_1_1!P176 -> 0.9056293 | O36: =_1_1!Q176 -> 0.86709382 | P36: =_1_1!R176 -> 0.7218612 | Q36: =_1_1!S176 -> 0.6064384 | R36: =_1_1!T176 -> 0.51033608 | S36: =_1_1!U176 -> 0.26371599 | T36: =_1_1!V176 -> 0.19634106 | U36: =_1_1!W176 -> 0.12839783 | V36: ='1_2'!N176 -> 0.67793618 | W36: ='1_2'!O176 -> 0.54340622 | X36: ='1_2'!P176 -> 0.43239352 | Y36: ='1_2'!Q176 -> 0.31384224 | Z36: ='1_2'!R176 -> 0.19198362 | AA36: ='1_2'!S176 -> 0.16019804
B37: =B9 -> 1.6 | C37: =_1_0!N177 -> 1 | D37: =_1_0!O177 -> 0.93279317 | E37: =_1_0!P177 -> 0.87888205 | F37: =_1_0!Q177 -> 0.8410694 | G37: =_1_0!R177 -> 0.69442516 | H37: =_1_0!S177 -> 0.55876767 | I37: =_1_0!T177 -> 0.43909989 | J37: =_1_0!U177 -> 0.27250272 | ... L37: =_1_0!W177 -> 0.068153259 | M37: =_1_1!O177 -> 0.95993067 | N37: =_1_1!P177 -> 0.91794837 | O37: =_1_1!Q177 -> 0.88552113 | P37: =_1_1!R177 -> 0.76161601 | Q37: =_1_1!S177 -> 0.66133045 | R37: =_1_1!T177 -> 0.5805009 | S37: =_1_1!U177 -> 0.34540349 | T37: =_1_1!V177 -> 0.25684766 | U37: =_1_1!W177 -> 0.1694683 | V37: ='1_2'!N177 -> 0.72370923 | W37: ='1_2'!O177 -> 0.60944378 | X37: ='1_2'!P177 -> 0.5114415 | Y37: ='1_2'!Q177 -> 0.39292314 | Z37: ='1_2'!R177 -> 0.25671673 | AA37: ='1_2'!S177 -> 0.21280674
A39: delta_t(v_L)delta_t(v_L)_norm_ord | C39: =C30 -> 0 | D39: =M30 -> 0.03 | E39: =D30 -> 0.05 | F39: =N30 -> 0.05999999 | G39: =O30 -> 0.08999999 | H39: =E30 -> 0.1 | I39: =F30 -> 0.15 | J39: =P30 -> 0.3 | K39: =V30 -> 0.4 | L39: =G30 -> 0.5 | M39: =Q30 -> 0.6 | N39: =W30 -> 0.8 | O39: =R30 -> 0.9 | P39: =H30 -> 1 | Q39: =X30 -> 1.2 | R39: =I30 -> 1.5 | S39: =Y30 -> 1.75 | T39: =S30 -> 2 | U39: =J30 -> 2.5 | V39: =Z30 -> 3.5 | W39: =T30 -> 4 | X39: =K30 -> 5 | Y39: =AA30 -> 5.25 | Z39: =U30 -> 6 | AA39: =L30 -> 7.5
B40: =B31 -> 0.1 | C40: =C31 -> 1 | D40: =M31 -> 0.74660073 | E40: =D31 -> 0.56694116 | F40: =N31 -> 0.4940344 | G40: =O31 -> 0.33277892 | H40: =E31 -> 0.30138182 | I40: =F31 -> 0.20075994 | J40: =P31 -> 0.095356504 | K40: =V31 -> 0.066802551 | L40: =G31 -> 0.062973036 | M40: =Q31 -> 0.052751853 | N40: =W31 -> 0.052764064 | O40: =R31 -> 0.044432912 | P40: =H31 -> 0.03835498 | Q40: =X31 -> 0.047416547 | R40: =I31 -> 0.013774827 | S40: =Y31 -> -0.0015195286 | T40: =S31 -> 0.02801903 | U40: =J31 -> 0.0043105146 | V40: =Z31 -> 0.01898554 | W40: =T31 -> 0.010727137 | X40: =K31 -> 0.011639474 | Y40: =AA31 -> 0.0083288275 | Z40: =U31 -> 0.00038621543 | AA40: =L31 -> -0.00973462
B41: =B32 -> 0.2 | C41: =C32 -> 1 | D41: =M32 -> 0.84903979 | E41: =D32 -> 0.73343601 | F41: =N32 -> 0.6840402 | G41: =O32 -> 0.56389585 | H41: =E32 -> 0.53073086 | I41: =F32 -> 0.40355086 | J41: =P32 -> 0.22657578 | K41: =V32 -> 0.18182034 | L41: =G32 -> 0.15326925 | M41: =Q32 -> 0.12760017 | N41: =W32 -> 0.10918855 | O41: =R32 -> 0.10107824 | P41: =H32 -> 0.083584508 | Q41: =X32 -> 0.068609491 | R41: =I32 -> 0.036409722 | S41: =Y32 -> 0.029219198 | T41: =S32 -> 0.041612947 | U41: =J32 -> 0.019011439 | V41: =Z32 -> 0.01459013 | W41: =T32 -> 0.019764903 | X41: =K32 -> 0.028079678 | Y41: =AA32 -> 0.029313486 | Z41: =U32 -> 0.0046911196 | AA41: =L32 -> 0.0052796449
B42: =B33 -> 0.3 | C42: =C33 -> 1 | D42: =M33 -> 0.88340468 | E42: =D33 -> 0.79913322 | F42: =N33 -> 0.76132288 | G42: =O33 -> 0.66886003 | H42: =E33 -> 0.64035631 | I42: =F33 -> 0.53682919 | J42: =P33 -> 0.34434311 | K42: =V33 -> 0.28266885 | L42: =G33 -> 0.24105098 | M42: =Q33 -> 0.21182599 | N42: =W33 -> 0.16717033 | O42: =R33 -> 0.14983836 | P42: =H33 -> 0.13319032 | Q42: =X33 -> 0.11184727 | R42: =I33 -> 0.076408847 | S42: =Y33 -> 0.064083145 | T42: =S33 -> 0.062826978 | U42: =J33 -> 0.031554146 | V42: =Z33 -> 0.026062169 | W42: =T33 -> 0.033148706 | X42: =K33 -> 0.035741463 | Y42: =AA33 -> 0.034665403 | Z42: =U33 -> 0.013435099 | AA42: =L33 -> 0.0080465435
B43: =B34 -> 0.4 | C43: =C34 -> 1 | D43: =M34 -> 0.90603718 | E43: =D34 -> 0.83536001 | F43: =N34 -> 0.8038022 | G43: =O34 -> 0.72568332 | H43: =E34 -> 0.71030724 | I43: =F34 -> 0.62021796 | J43: =P34 -> 0.44053226 | K43: =V34 -> 0.37934969 | L43: =G34 -> 0.32641155 | M43: =Q34 -> 0.28547592 | N43: =W34 -> 0.23190985 | O43: =R34 -> 0.20734745 | P43: =H34 -> 0.18759018 | Q43: =X34 -> 0.15108842 | R43: =I34 -> 0.10942437 | S43: =Y34 -> 0.091932505 | T43: =S34 -> 0.0808275 | U43: =J34 -> 0.047613245 | V43: =Z34 -> 0.052739829 | W43: =T34 -> 0.047382801 | X43: =K34 -> 0.050912587 | Y43: =AA34 -> 0.045848946 | Z43: =U34 -> 0.024792081 | AA43: =L34 -> 0.012152044
B44: =B35 -> 0.8 | C44: =C35 -> 1 | D44: =M35 -> 0.93965554 | E44: =D35 -> 0.89722931 | F44: =N35 -> 0.87589291 | G44: =O35 -> 0.82704049 | H44: =E35 -> 0.81652891 | I44: =F35 -> 0.76101004 | J44: =P35 -> 0.64330768 | K44: =V35 -> 0.59319976 | L44: =G35 -> 0.54252081 | M44: =Q35 -> 0.50082238 | N44: =W35 -> 0.43147764 | O44: =R35 -> 0.39391227 | P44: =H35 -> 0.36731465 | Q44: =X35 -> 0.3180388 | R44: =I35 -> 0.24670846 | S44: =Y35 -> 0.20967976 | T44: =S35 -> 0.17475446 | U44: =J35 -> 0.11875675 | V44: =Z35 -> 0.1305432 | W44: =T35 -> 0.12797547 | X44: =K35 -> 0.10603719 | Y44: =AA35 -> 0.095259034 | Z44: =U35 -> 0.07702112 | AA44: =L35 -> 0.037109321
B45: =B36 -> 1.2 | C45: =C36 -> 1 | D45: =M36 -> 0.95452784 | E45: =D36 -> 0.9213021 | F45: =N36 -> 0.9056293 | G45: =O36 -> 0.86709382 | H45: =E36 -> 0.85816236 | I45: =F36 -> 0.81507411 | J45: =P36 -> 0.7218612 | K45: =V36 -> 0.67793618 | L45: =G36 -> 0.64334212 | M45: =Q36 -> 0.6064384 | N45: =W36 -> 0.54340622 | O45: =R36 -> 0.51033608 | P45: =H36 -> 0.48883154 | Q45: =X36 -> 0.43239352 | R45: =I36 -> 0.3579951 | S45: =Y36 -> 0.31384224 | T45: =S36 -> 0.26371599 | U45: =J36 -> 0.19417521 | V45: =Z36 -> 0.19198362 | W45: =T36 -> 0.19634106 | X45: =K36 -> 0.17497265 | Y45: =AA36 -> 0.16019804 | Z45: =U36 -> 0.12839783 | AA45: =L36 -> 0.055815159
B46: =B37 -> 1.6 | C46: =C37 -> 1 | D46: =M37 -> 0.95993067 | E46: =D37 -> 0.93279317 | F46: =N37 -> 0.91794837 | G46: =O37 -> 0.88552113 | H46: =E37 -> 0.87888205 | I46: =F37 -> 0.8410694 | J46: =P37 -> 0.76161601 | K46: =V37 -> 0.72370923 | L46: =G37 -> 0.69442516 | M46: =Q37 -> 0.66133045 | N46: =W37 -> 0.60944378 | O46: =R37 -> 0.5805009 | P46: =H37 -> 0.55876767 | Q46: =X37 -> 0.5114415 | R46: =I37 -> 0.43909989 | S46: =Y37 -> 0.39292314 | T46: =S37 -> 0.34540349 | U46: =J37 -> 0.27250272 | V46: =Z37 -> 0.25671673 | W46: =T37 -> 0.25684766 | X46: =K37 -> 0.22468543 | Y46: =AA37 -> 0.21280674 | Z46: =U37 -> 0.1694683 | AA46: =L37 -> 0.068153259
AC47: r | AD47: t_corr_T | AE47: T/L
A48: INTEGRAL_LL | B48: =B40 -> 0.1 | C48: =(C40+D40)*(D$11-C$11)/2 -> 0.026199011 | D48: =(D40+E40)*(E$11-D$11)/2 -> 0.013135419 | E48: =(E40+F40)*(F$11-E$11)/2 -> 0.0053048725 | F48: =(F40+G40)*(G$11-F$11)/2 -> 0.0124022 | G48: =(G40+H40)*(H$11-G$11)/2 -> 0.0031708069 | H48: =(H40+I40)*(I$11-H$11)/2 -> 0.012553544 | I48: =(I40+J40)*(J$11-I$11)/2 -> 0.022208733 | J48: =(J40+K40)*(K$11-J$11)/2 -> 0.0081079528 | ... AA48: =(AA40+AB40)*(AB$11-AA$11)/2 -> 0.036504825 | AC48: =B40 -> 0.1 | AD48: =SUM(C48,D48,E48,F48,G48,H48,I48,J48,K48,L48,M48,N48,O48,P48,Q48,R48,S48,T48,U48,V48,W48,X48,Y48,Z48,AA48) -> 0.2311082 | AE48: =AD48/AD20 -> 1.5467447
B49: =B41 -> 0.2 | C49: =(C41+D41)*(D$11-C$11)/2 -> 0.027735597 | D49: =(D41+E41)*(E$11-D$11)/2 -> 0.015824758 | E49: =(E41+F41)*(F$11-E$11)/2 -> 0.007087374 | F49: =(F41+G41)*(G$11-F$11)/2 -> 0.018719041 | G49: =(G41+H41)*(H$11-G$11)/2 -> 0.005473139 | H49: =(H41+I41)*(I$11-H$11)/2 -> 0.023357043 | I49: =(I41+J41)*(J$11-I$11)/2 -> 0.047259497 | J49: =(J41+K41)*(K$11-J$11)/2 -> 0.020419806 | ... AA49: =(AA41+AB41)*(AB$11-AA$11)/2 -> -0.019798668 | AC49: =B41 -> 0.2 | AD49: =SUM(C49,D49,E49,F49,G49,H49,I49,J49,K49,L49,M49,N49,O49,P49,Q49,R49,S49,T49,U49,V49,W49,X49,Y49,Z49,AA49) -> 0.36020268 | AE49: =AD49/AD21 -> 1.2306734
B50: =B42 -> 0.3 | C50: =(C42+D42)*(D$11-C$11)/2 -> 0.02825107 | D50: =(D42+E42)*(E$11-D$11)/2 -> 0.016825379 | E50: =(E42+F42)*(F$11-E$11)/2 -> 0.0078022727 | F50: =(F42+G42)*(G$11-F$11)/2 -> 0.021452744 | G50: =(G42+H42)*(H$11-G$11)/2 -> 0.0065460882 | H50: =(H42+I42)*(I$11-H$11)/2 -> 0.029429637 | I50: =(I42+J42)*(J$11-I$11)/2 -> 0.066087923 | J50: =(J42+K42)*(K$11-J$11)/2 -> 0.031350598 | ... AA50: =(AA42+AB42)*(AB$11-AA$11)/2 -> -0.030174538 | AC50: =B42 -> 0.3 | AD50: =SUM(C50,D50,E50,F50,G50,H50,I50,J50,K50,L50,M50,N50,O50,P50,Q50,R50,S50,T50,U50,V50,W50,X50,Y50,Z50,AA50) -> 0.52507098 | AE50: =AD50/AD22 -> 1.2755959
B51: =B43 -> 0.4 | C51: =(C43+D43)*(D$11-C$11)/2 -> 0.028590558 | D51: =(D43+E43)*(E$11-D$11)/2 -> 0.017413972 | E51: =(E43+F43)*(F$11-E$11)/2 -> 0.0081958028 | F51: =(F43+G43)*(G$11-F$11)/2 -> 0.022942283 | G51: =(G43+H43)*(H$11-G$11)/2 -> 0.00717996 | H51: =(H43+I43)*(I$11-H$11)/2 -> 0.03326313 | I51: =(I43+J43)*(J$11-I$11)/2 -> 0.079556267 | J51: =(J43+K43)*(K$11-J$11)/2 -> 0.040994098 | ... AA51: =(AA43+AB43)*(AB$11-AA$11)/2 -> -0.045570164 | AC51: =B43 -> 0.4 | AD51: =SUM(C51,D51,E51,F51,G51,H51,I51,J51,K51,L51,M51,N51,O51,P51,Q51,R51,S51,T51,U51,V51,W51,X51,Y51,Z51,AA51) -> 0.6943648 | AE51: =AD51/AD23 -> 1.2891435
B52: =B44 -> 0.8 | C52: =(C44+D44)*(D$11-C$11)/2 -> 0.029094833 | D52: =(D44+E44)*(E$11-D$11)/2 -> 0.018368849 | E52: =(E44+F44)*(F$11-E$11)/2 -> 0.0088656023 | F52: =(F44+G44)*(G$11-F$11)/2 -> 0.025544001 | G52: =(G44+H44)*(H$11-G$11)/2 -> 0.0082178553 | H52: =(H44+I44)*(I$11-H$11)/2 -> 0.039438474 | I52: =(I44+J44)*(J$11-I$11)/2 -> 0.10532383 | J52: =(J44+K44)*(K$11-J$11)/2 -> 0.061825372 | ... AA52: =(AA44+AB44)*(AB$11-AA$11)/2 -> -0.13915995 | AC52: =B44 -> 0.8 | AD52: =SUM(C52,D52,E52,F52,G52,H52,I52,J52,K52,L52,M52,N52,O52,P52,Q52,R52,S52,T52,U52,V52,W52,X52,Y52,Z52,AA52) -> 1.2524118 | AE52: =AD52/AD24 -> 1.3301386
B53: =B45 -> 1.2 | C53: =(C45+D45)*(D$11-C$11)/2 -> 0.029317918 | D53: =(D45+E45)*(E$11-D$11)/2 -> 0.018758299 | E53: =(E45+F45)*(F$11-E$11)/2 -> 0.0091346479 | F53: =(F45+G45)*(G$11-F$11)/2 -> 0.026590847 | G53: =(G45+H45)*(H$11-G$11)/2 -> 0.0086262895 | H53: =(H45+I45)*(I$11-H$11)/2 -> 0.041830912 | I53: =(I45+J45)*(J$11-I$11)/2 -> 0.11527015 | J53: =(J45+K45)*(K$11-J$11)/2 -> 0.069989869 | ... AA53: =(AA45+AB45)*(AB$11-AA$11)/2 -> -0.20930685 | AC53: =B45 -> 1.2 | AD53: =SUM(C53,D53,E53,F53,G53,H53,I53,J53,K53,L53,M53,N53,O53,P53,Q53,R53,S53,T53,U53,V53,W53,X53,Y53,Z53,AA53) -> 1.70182 | AE53: =AD53/AD25 -> 1.3461146
B54: =B46 -> 1.6 | C54: =(C46+D46)*(D$11-C$11)/2 -> 0.02939896 | D54: =(D46+E46)*(E$11-D$11)/2 -> 0.018927238 | E54: =(E46+F46)*(F$11-E$11)/2 -> 0.0092536985 | F54: =(F46+G46)*(G$11-F$11)/2 -> 0.027052042 | G54: =(G46+H46)*(H$11-G$11)/2 -> 0.0088220247 | H54: =(H46+I46)*(I$11-H$11)/2 -> 0.042998786 | I54: =(I46+J46)*(J$11-I$11)/2 -> 0.12020141 | J54: =(J46+K46)*(K$11-J$11)/2 -> 0.074266262 | ... AA54: =(AA46+AB46)*(AB$11-AA$11)/2 -> -0.25557472 | AC54: =B46 -> 1.6 | AD54: =SUM(C54,D54,E54,F54,G54,H54,I54,J54,K54,L54,M54,N54,O54,P54,Q54,R54,S54,T54,U54,V54,W54,X54,Y54,Z54,AA54) -> 2.0679739 | AE54: =AD54/AD26 -> 1.3573631
